GPPracticeName,PracticeCode,latitude,longitude,ListSize
Muirhead Medical Centre,10002,56.49571868697965,-3.06457460664086,8102
The Blue Practice,10017,56.37053862161919,-3.841282017076805,6620
Aberfeldy And Kinloch Rannoch Medical Practice,10036,56.61865395460281,-3.8691563806719858,4758
Grove Health Centre,10106,56.46877635662182,-2.8815517847335705,6075
Alyth Health Centre,10125,56.61825292478019,-3.2276747067959004,4385
Arbroath Medical Centre,10182,56.55912120092492,-2.5793058354541265,9188
The Abbey Practice,10233,56.56089364260492,-2.578795934856715,6243
"East Practice, Springfield Medical Centre",10286,56.56077617840789,-2.577004200554885,4506
"West Practice, Springfield Medical Centre",10322,56.56077617840789,-2.577004200554885,7960
St Margaret's Health Centre,10361,56.29298466177428,-3.715859101403478,10708
Ardblair Medical Practice,10407,56.58655932036691,-3.344237828938859,7827
Strathmore Surgery,10445,56.589308841060664,-3.339254243468113,3744
Brechin Medical Practice,10498,56.73395605746527,-2.6494073037727603,8409
Carnoustie Medical Group,10638,56.5005085135756,-2.732899612329523,13103
Comrie Medical Centre,10708,56.3697481277002,-3.9760739043449482,2698
Coupar Angus Medical Centre,10746,56.54502087698948,-3.2642782027568864,5973
The Red Practice,10835,56.37053862161919,-3.841282017076805,4183
Park Avenue Medical Centre,11005,56.47135695566617,-2.954244339775713,4676
Tay Court Surgery,11058,56.459281605725245,-2.976045898700606,8526
Ancrum One,11096,56.46875342310304,-3.0052006453649756,4772
Taybank Medical Centre,11128,56.46766135792399,-2.9557424666523384,9404
Coldside Medical Practice,11166,56.47598187498933,-2.9799652970357946,8931
Westgate Medical Practice,11171,56.466322600600975,-3.0438833034633648,10944
Princes Street Surgery,11289,56.467159748629946,-2.956703826683432,8763
Broughty Family Healthcare,11306,56.46671200872737,-2.8761472729671236,9231
Hawkhill Medical Centre,11363,56.45741508408302,-2.989354151186189,11662
Family Medical Group,11382,56.468308022752986,-2.9581125234467933,9482
Ryehill Medical Practice,11414,56.456878903797595,-2.9889831891275493,5213
Erskine Practice,11486,56.46946714534276,-2.9592780743327585,7689
Mill Practice,11645,56.46946714534276,-2.9592780743327585,8535
Terra Nova Medical Practice LLP,11650,56.471506787072556,-2.956959266939338,6095
Downfield Surgery,11823,56.48786133803232,-2.9912183383114486,8502
Hillbank Health Centre,11861,56.46851264862192,-2.9733931958770397,7934
Maryfield Medical Centre,11931,56.47359192259537,-2.9557291283847613,6135
Ancrum Medical Centre,12210,56.46875342310304,-3.0052006453649756,3613
Nethergate Medical Centre,12281,56.457772781625685,-2.974806277636373,7567
Lochee Health Centre,12831,56.4707931900494,-3.007413712712209,3965
Whitfield Surgery,12901,56.48964,-2.91704,4204
Craigvinean Surgery,13049,56.56201690457596,-3.584701708104047,4091
Edzell Health Centre,13091,56.811142071254174,-2.655115181021301,2691
The Carse Medical Practice,13142,56.403136248500495,-3.1969666513460284,3282
Ravenswood Surgery,13195,56.64288452076711,-2.888022592509802,3935
Academy Medical Centre,13231,56.6443837194432,-2.8806210943951696,9206
Lour Road Group Practice,13284,56.64239004259065,-2.8842764973411206,6815
Friockheim Health Centre,13335,56.6376249577626,-2.6636328401430953,3477
Invergowrie Medical Practice,13369,56.45965417658389,-3.060968745413571,1881
St Serf's Practice,13481,56.21515814269437,-3.4241660262783062,9920
Orwell Practice,13496,56.21515814269437,-3.4241660262783062,4063
Kirriemuir Medical Practice,13532,56.67310099674926,-3.005168271613556,8776
Monifieth Medical Practice,13571,56.48640318448486,-2.8216586728679913,10938
Townhead Practice,13621,56.710226260365225,-2.454854020003429,6836
Castlegait Surgery,13660,56.710226260365225,-2.454854020003429,4730
Annat Bank Practice,13706,56.710226260365225,-2.454854020003429,5894
Kings Practice,13848,56.39454326260351,-3.444434323338992,6558
"Green Practice, Whitefriars Surgery",13891,56.3978206247695,-3.4431162577614782,9187
Victoria Practice,13941,56.39454326260351,-3.444434323338992,10880
The Lade Medical Practice,13975,56.398309457580446,-3.4342871091625473,3727
The Taymount Surgery,14037,56.39545193092804,-3.449734800654143,15785
"Red Practice, Whitefriars Surgery",14249,56.3978206247695,-3.4431162577614782,6999
Perth City Medical Centre,14291,56.394924512134395,-3.4379189325739867,9377
"Yellow Practice, Drumhar Health Centre",14342,56.398309457580446,-3.4342871091625473,6389
Atholl Medical Centre,14501,56.70187495936196,-3.735307709024534,4915
Stanley Medical Centre,14569,56.48217759264708,-3.442825067710314,4250
Roxburgh Street Surgery,16013,55.618727474235904,-2.8114199188526565,3617
Jedburgh Medical Practice,16032,55.47862535300201,-2.5512169114979217,6928
Newcastleton Medical Practice,16047,55.181592106718206,-2.8102567826227336,1579
Eildon Surgery,16051,55.5773365226929,-2.6698272806398067,6963
Merse Medical Practice,16066,55.80128135814106,-2.208371454904874,6669
Selkirk Medical Practice,16085,55.550394437771914,-2.837880281930607,7365
St Ronan's Practice,16121,55.61602821477596,-3.0655579652070823,4743
Kelso Medical Group,16136,55.60365884321323,-2.4289324895261806,11852
O'Connell Street Medical Practice,16141,55.4232501454926,-2.7833888412361576,6080
The Neidpath Practice,16160,55.65203327758938,-3.19677179063197,5922
West Linton Medical Practice,16174,55.75333462811576,-3.3518015878599705,3953
The Ellwyn Practice,16193,55.61594070201116,-2.8019937945556546,2988
Coldstream Medical Practice,16206,55.647837997708216,-2.262253886414768,3865
The Tweed Practice,16211,55.65203327758938,-3.19677179063197,6004
Braeside Medical Practice,16230,55.61594070201116,-2.8019937945556546,4927
Glenfield Medical Practice,16244,55.61594070201116,-2.8019937945556546,1991
Waverley Medical Practice,16259,55.61594070201116,-2.8019937945556546,5006
Duns Medical Group,16282,55.77262803880782,-2.3398840832070147,3174
Greenlaw Surgery,16475,55.70806461778507,-2.460522565849346,1402
Eyemouth Medical Practice,16507,55.871012510347015,-2.0899322744085382,6570
Teviot Medical Practice,16545,55.42311630628681,-2.786040833190308,11288
Stow & Lauder Health,16550,55.69163635150902,-2.8639992562078636,4706
Earlston Medical Practice,16564,55.6368705433342,-2.678341436167804,3260
Lochinch Practice,18057,54.899710189150355,-5.020757402405992,2963
Loch Ree Practice,18095,54.899710189150355,-5.020757402405992,4849
Mull of Galloway Practice,18112,54.68858740984978,-4.893244951931369,721
Cairnsmore Medical Practice,18151,54.95957597676737,-4.479247113575756,3899
Castle Douglas Medical Group,18184,54.950047289203546,-3.9210243699029235,6697
Solway Medical Group,18199,54.83444374455339,-4.049319140803205,6446
"Drs Oliver, Greeley &Innes",18216,54.950047289203546,-3.9210243699029235,3956
Glenkens Medical Practice,18235,55.07302642964176,-4.1397528079355475,1833
Dalbeattie Medical Practice,18240,54.92819172196355,-3.826202533345184,4889
Shebburn Medical Practice,18254,54.97909230117373,-3.6175749935652353,2795
St Michaels Medical Centre,18273,55.06509243061628,-3.606790175025225,6624
Lochthorn Medical Centre,18288,55.09667444024892,-3.5850631531621397,3757
Charlotte Medical Practice,18305,55.07246379734775,-3.6256794720816066,9495
Gillbrae Medical Practice,18310,55.06387146235394,-3.585426398907582,13400
Upper Nithsdale Group Practice,18324,55.36961548847959,-3.923817145813067,4583
Thornhill Medical Practice,18339,55.2349244053312,-3.7642800531738323,3840
Cairn Valley Medical Practice,18343,55.14040364247919,-3.7747002358016313,3950
Alba Medical Centre - Lockerbie,18358,55.12172444083334,-3.3564958966523983,4578
Lochmaben Medical Group,18377,55.128202221991934,-3.438987861874921,5760
Alba Medical Group - Moffat,18396,55.33320960336344,-3.444816503094417,5246
Greencroft South Medical Group,18409,54.98632857299924,-3.2613326003806704,6456
Dr N G Kelly & Partners,18413,54.98632857299924,-3.2613326003806704,7491
Gretna Surgery,18428,54.993622443642785,-3.0663856014288973,4887
Canonbie Surgery,18432,55.07890178943739,-2.9508620261567233,2169
Langholm Medical Partnership,18447,55.15079606297336,-2.9987583698792664,2834
Ecclefechan Surgery,18451,55.058777897980335,-3.263296539402349,2890
Greyfriars Medical Centre,18560,55.070509784006504,-3.612426959866989,11959
Sandhead Surgery,18574,54.810316310992604,-4.961287642952091,2436
Glenluce Surgery,18589,54.88067498845255,-4.8014263573126605,2031
Lochnaw Practice,18593,54.899710189150355,-5.020757402405992,4486
Southern Machars Practice,18611,54.73702028361681,-4.4138439506247735,3159
Galloway Hills Medical Practice,18625,54.95957597676737,-4.479247113575756,4521
Anstruther Medical Practice,20004,56.22748635469526,-2.6903205282836113,6288
Auchtermuchty Practice,20057,56.2897784427394,-3.229922372123763,5658
Muiredge Surgery,20108,56.17604844596365,-3.037973986958772,8022
Burntisland Medical Group,20151,56.05898896611156,-3.2294074762921063,5298
The Links Practice,20184,56.05898896611156,-3.2294074762921063,1897
Wallsgreen Medical Practice,20254,56.14657151739787,-3.262256949826656,3011
Cowdenbeath Surgery,20305,56.110917436898696,-3.3502544333983084,11403
Crossgates Medical Practice,20358,56.087992354821914,-3.371489276986337,4280
Eden Villa Practice,20409,56.323348441509104,-3.0149121534025816,7466
Bank Street Medical Group,20413,56.323348441509104,-3.0149121534025816,7826
Nethertown Surgery,20451,56.06622095662413,-3.4506062155747532,11322
New Park Medical Practice,20466,56.08251002819823,-3.4316912890591227,12055
Hospital Hill Surgery,20471,56.061306656121964,-3.4451209377930874,8725
Millhill Surgery,20485,56.06766166907789,-3.4496000074953166,8628
Bellyeoman Surgery,20490,56.075276801534,-3.447780914347569,10775
Linburn Road Health Centre,20502,56.06570988136093,-3.4156786007222104,8868
The Lomond Practice,20606,56.19563048595179,-3.193204607536965,10303
North Glen Medical Practice,20611,56.20803926837831,-3.1669539802822793,8324
The Glenwood Practice,20630,56.19563048595179,-3.193204607536965,6184
Cos Lane Surgery,20659,56.19073814577508,-3.156726815943963,9027
Rothes Medical Practice,20663,56.182768217129166,-3.16143371434471,8759
Valleyfield Medical Practice,20729,56.061803335753275,-3.595218311173367,4094
Inverkeithing Medical Group,20752,56.02970518773479,-3.395518216580245,18109
Kelty Medical Practice,20803,56.134300289565545,-3.379542460920242,7306
Kennoway Medical Group,20856,56.20953189750301,-3.045263497744016,4184
Kinghorn Medical Practice,20907,56.0692783243533,-3.174035757585017,3382
Nicol Street Surgery,20950,56.106788551879646,-3.163454271180632,6244
"Drs McKenna, Murphy & McCallum",20964,56.127248479754456,-3.1579095774061163,7061
Bennochy Medical Centre,20979,56.11789924124007,-3.1725723804991137,9182
St Brycedale Surgery,20983,56.11147939901453,-3.1605882758729575,7387
Path House Medical Practice,20998,56.11968270618451,-3.1462770185348163,11064
"Drs Dixon, Duggan, Egerton, MacKernan & McCrickard",21007,56.127248479754456,-3.1579095774061163,7734
Drs Fordyce & Lempke,21011,56.127248479754456,-3.1579095774061163,6384
Howe of Fife Surgery,21101,56.274524911601496,-3.1225264047132777,4556
Leslie Medical Practice,21153,56.20073915136802,-3.216721788806076,6483
Pitcairn Practice Leuchars & Balmullo,21204,56.37578771957452,-2.9315634086318636,4265
Scoonie Medical Practice,21261,56.19692750786529,-2.997016541822922,12603
Charlestown Surgery,21308,56.03594150734276,-3.49897553393782,2823
Meadows Practice,21384,56.128958625614985,-3.310547127450932,5185
Benarty Medical Practice,21421,56.15621730296829,-3.3204116935248584,4712
Dr K Thompson,21440,56.128958625614985,-3.310547127450932,2227
Markinch Medical Practice,21454,56.20231684897259,-3.130975430472224,6012
Lochgelly Medical Practice,21469,56.128958625614985,-3.310547127450932,3409
Methilhaven Surgery,21505,56.18614626726628,-3.028594269616114,6052
Airlie Medical Practice,21524,56.187152693742696,-3.0001148536854196,8162
Newburgh Surgery,21558,56.350993498617584,-3.2387540157234276,4037
Tayview Medical Practice,21609,56.438055286600935,-2.9343185799222935,9434
Oakley Medical practice,21613,56.08550760718675,-3.5659963011383873,8804
Coast Health,21736,56.214141671059686,-2.7281039392402593,5196
Primrose Lane Medical Centre,21755,56.04553754906835,-3.430241262419714,9531
Park Road Practice,21760,56.040165674121056,-3.4160274051562913,6103
Blackfriars Medical Practice,21825,56.32759125161679,-2.8041569922998266,9080
Pipeland Medical Practice,21830,56.32759125161679,-2.8041569922998266,15371
Ochil Medical Practice,25027,56.12477962973814,-3.782199463487425,10417
The Whins Medical Practice,25031,56.12477962973814,-3.782199463487425,6926
Alva Medical Practice,25046,56.152018196470536,-3.8021383521598597,13115
Balfron Health Centre,25051,56.068155000136755,-4.334755325844744,2944
Edenkiln Surgery,25065,55.984250367464504,-4.304505508467049,2485
Forthview Practice,25070,56.01210764492984,-3.612308336424472,4364
The Richmond Practice,25084,56.01210764492984,-3.612308336424472,8392
Kinglass Medical Practice,25099,56.00906366092815,-3.599685140641068,3609
Bridge Of Allan Health Centre,25101,56.15321568122186,-3.946553187539338,6952
Callander Medical Practice,25121,56.23816502406868,-4.198157100117636,4560
Clackmannan & Kincardine Medical Practice,25135,56.10739493307452,-3.749760645620881,7008
Fallin Health Centre,25169,56.10469932477994,-3.8746437143496917,6302
Denny Cross Medical Centre,25173,56.02292124134093,-3.907541198860249,5263
Carronbank Medical Practice,25188,56.02488518709513,-3.9066590634601925,10438
Antonine Medical Practice,25192,56.00441910803575,-3.8921606645900972,4980
Bonnybank Medical Practice,25205,56.00441910803575,-3.8921606645900972,8376
Dollar Health Centre,25210,56.16237572113253,-3.6687193709838666,5306
Doune Health Centre,25224,56.19194198229675,-4.051096516354987,4267
Dunblane Medical Practice,25243,56.18777,-3.96845,10603
Wallace Medical Centre,25262,56.00524758528244,-3.7747991799686074,7969
Ark Medical Practice,25277,55.99779549295103,-3.7830055287914113,2616
Meeks Road Surgery,25281,56.00327185969475,-3.785278769174404,10766
Graeme Medical Centre,25309,56.00607447989525,-3.783515209217206,5530
Camelon Medical Practice,25313,56.002964369790185,-3.8131254644910455,8170
Bo'ness Road Medical Practice,25332,56.01953713234304,-3.718987547540946,7872
Killearn Health Centre,25347,56.04582740015926,-4.371049609118892,4606
Killin Medical Practice,25351,56.46667121623108,-4.315260929427043,1525
Kippen Surgery,25366,56.12535495221099,-4.1713276557385965,2242
Viewpoint Medical Practice,25390,56.025035062652684,-3.817562301943632,6289
Parkview Practice,25402,56.025035062652684,-3.817562301943632,5152
Polmont Park Medical Practice,25441,55.987467726982466,-3.720482071401124,7791
Braesview Medical Group,25455,55.987467726982466,-3.720482071401124,9662
Parkhill Medical Practice,25460,55.987467726982466,-3.720482071401124,12069
Slamannan Medical Practice,25474,55.936692026218104,-3.8342865753573845,2072
Park Terrace Medical Practice,25506,56.10689369060801,-3.934563942654909,7173
Orchard House Health Centre,25525,56.12704002965256,-3.9388098649908976,4127
Tillicoultry Medical Practice,25544,56.1529220391494,-3.745437155809474,8379
Airthrey Park Medical Centre,25559,56.14970968053593,-3.9161378092529033,8167
Park Avenue Medical Centre,25582,56.10689369060801,-3.934563942654909,7673
Stenhouse Practice,25597,56.025035062652684,-3.817562301943632,3074
Tryst Medical Centre,25648,56.027509624307406,-3.8100228021533673,6232
Carron Medical Centre,25652,56.01717105379852,-3.791150904661599,4079
Ochilview Practice,25671,56.025035062652684,-3.817562301943632,5907
Allan Park Medical Practice,25686,56.11597044632349,-3.9380438757805005,3758
Viewfield Medical Practice,25737,56.10689369060801,-3.934563942654909,10022
Direct Patient Care Service,25826,56.131944119431736,-3.960075264517549,30
Westburn Medical Practice,25883,55.998690742990384,-3.791306245419661,4553
Drymen Health Centre,25898,56.067168465168656,-4.450518226504212,1555
Aberfoyle & Buchlyvie Medical Centres,25968,56.11637532939935,-4.296552975274876,2348
Tor Medical Group,25991,56.06475550634971,-3.8737003772581886,3237
Forth Medical Group,26015,56.09374090292329,-3.92043106878145,23609
Garthdee Medical Group,30030,57.11964294948585,-2.1321620187926866,10166
Holburn Medical Group,30059,57.14275096481322,-2.1128754035495154,8935
Newburn Health Centre,30078,57.148839512262654,-2.105621122341161,20393
Whinhill Medical Practice,30097,57.13619862454174,-2.1059321140050384,8713
Elmbank Group Practice,30203,57.15281,-2.14419,11442
Hamilton Medical Group,30218,57.142735076907336,-2.129335666632649,9420
Bucksburn Medical Practice,30256,57.176838161332824,-2.1806511439493983,4979
Westburn Medical Group,30261,57.15390561855517,-2.142847737598362,6275
New Dyce Medical Practice,30280,57.2069071436745,-2.1747222587499575,10025
Great Western Medical Practice,30307,57.13602129907066,-2.1401681460668827,10205
Torry Medical Practice,30311,57.135819545401795,-2.0845663659521065,6330
Kincorth Medical Practice,30401,57.121009357843874,-2.1024697870500635,13648
Oldmachar Medical Practice,30504,57.163770493189396,-2.095080776345206,18228
Marywell Healthcare Centre,30561,57.14939943109261,-2.0903991560510966,269
Links Medical Practice,30627,57.15468546979509,-2.0855517179794076,8981
Calsayseat Medical Group,30701,57.157616381212485,-2.106307458771339,12690
Albyn Medical Practice,30909,57.142896608721415,-2.1204945578937986,10617
King's Medical Practice,30928,57.16097229413078,-2.100414253908565,11575
Rubislaw Place Medical Group,30951,57.14407063744915,-2.113970203770747,8480
Kingswells Medical Practice,31009,57.15857615394626,-2.2236484295960226,6905
Woodside Medical Group,31141,57.16954348125004,-2.120399305802492,12173
Scotstown Medical Group,31206,57.180323498905004,-2.100979568186614,12424
Gilbert Road Medical Group,31211,57.178483512028336,-2.173380521130926,9763
Cults Medical Group,31230,57.11545108193076,-2.1797412399332403,7973
Peterculter Medical Practice,31244,57.09911879832408,-2.2566510227931404,8311
Danestone Medical Practice,31259,57.18277081782676,-2.13528254449359,5514
Camphill Medical Practice,31348,57.10389557950426,-2.209864033405286,1748
Macduff Medical Practice,31437,57.6694992586542,-2.5244215079799215,12407
An Caorann Medical Practice,31456,57.680481896520575,-2.6949879036159827,4766
Finlayson Street Practice,31511,57.69272018673246,-2.012363924223465,9383
Central Buchan Medical Practice,31531,57.592169526744605,-2.1966912735825987,6471
Saltoun Surgery,31550,57.6870510073736,-2.0182494561298405,8401
Crimond Medical Centre,31601,57.601787303063325,-1.9117944442241008,3455
Cruden Medical Group,31615,57.42553434867103,-1.9185970773530554,3725
Peterhead Health Centre,31634,57.50280213986037,-1.7925914428022924,22546
Aden Health Centre,31649,57.52399384157512,-2.0082156496400687,8380
Fyvie Oldmeldrum Medical Group,31719,57.335424562645564,-2.330263813744714,8954
Turriff Medical Practice,31723,57.53679308369435,-2.450066634303057,8706
Alford Medical Practice,31808,57.237221009631604,-2.702070490793477,5799
Strathdon Medical Centre,31812,57.193756617408944,-3.034462814173046,792
Ellon Group Practice,31901,57.366500266960834,-2.069733102558987,15765
Haddo Medical Group,31916,57.336829504219914,-2.1769667329406883,5532
Insch Medical Practice,32001,57.34110512075373,-2.6107202474932873,6544
Inverurie Medical Group,32021,57.27746333654779,-2.377100143614614,25062
Kemnay Medical Group,32035,57.234490870821894,-2.4437105133120096,6467
Bydand Medical Group,32092,57.44344098107407,-2.788811458332886,7780
Skene Medical Group,32209,57.14809844197339,-2.2745602098472757,15096
Aboyne Health Centre,32290,57.07720325816156,-2.766075916889041,6663
Ballater Clinic,32317,57.05155919384819,-3.0383536598034904,1905
Braemar Health Clinic,32321,57.00788497879637,-3.4007024601096747,684
Torphins Medical Practice,32355,57.10752091680315,-2.6189424672040493,2063
Banchory Group Practice,32406,57.05096760453582,-2.499401545234106,13099
Portlethen Medical Centre,32411,57.060742140598734,-2.1239055582587563,15476
Stonehaven Medical Group,32425,56.966776899890974,-2.2103097453037486,13084
Auchenblae Medical Centre,32500,56.900460493393155,-2.4469999455407687,2136
Inverbervie Medical Group,32514,56.845618484221184,-2.280441181530433,5793
Laurencekirk Medical Group,32529,56.83193434340668,-2.473963444860896,6027
Ardach Health Centre,32586,57.671868146244776,-2.964640003202487,8965
Seafield & Cullen Medical Group,32622,57.668182751033065,-2.9812575724368213,6452
Linkwood Medical,32707,57.63642830849878,-3.2917435333229843,12027
Fochabers Medical Practice,32750,57.61266221522989,-3.0908493073493872,4446
Moray Coast Medical Practice,32764,57.71559040799944,-3.3038798049593607,10167
Maryhill Group Practice,32779,57.647675251579976,-3.324031848084497,22437
Varis Medical Practice,32801,57.60342365436567,-3.620479235777782,8121
Culbin Medical Practice,32815,57.60342365436567,-3.620479235777782,8170
Keith Medical Group,32904,57.542052227949036,-2.952486113551736,7280
Aberlour Health Centre,33004,57.46960128810013,-3.222685320492471,3319
Rinnes Medical Group,33057,57.445744611625734,-3.122536785088231,2947
Glenlivet Medical Practice,33061,57.354226353639994,-3.353892476495014,586
Skerryvore Practice,38012,58.97411039748523,-2.963826563849943,8538
Stromness Surgery,38027,58.96507244631662,-3.295489588620129,3084
Daisy Villa,38051,58.82558653176384,-2.95944089329612,1544
Islands View Surgery,38084,59.13223546777673,-2.9857412658752525,273
Heilendi Practice,38205,58.97411039748523,-2.963826563849943,3910
Dounby Surgery,38210,59.067616478846936,-3.230029333532742,2852
Orcades Practice,38239,58.97411039748523,-2.963826563849943,1961
Yell Health Centre,39015,60.60158827685002,-1.0669946189006947,989
Whalsay Health Centre,39020,60.35240916617264,-1.0145825877413555,1044
Hillswick Health Centre,39034,60.479008435586515,-1.480365473318806,823
Brae Medical Practice,39049,60.386648892056904,-1.3433726181517778,2571
Bixter Health Centre,39068,60.25408689475572,-1.4023146418739802,1907
Levenwick Medical Practice,39072,59.972210343573245,-1.2705432504644227,2735
Scalloway Health Centre LLP,39087,60.140418019789536,-1.2715039920313342,3693
Lerwick Health Centre,39091,60.15197075077557,-1.151475954558152,8639
Unst Health Centre,39161,60.75928032111856,-0.879008888833199,603
Fulton Street Medical Centre,40008,55.89508973181745,-4.325706292433365,6120
BuckinghamTerraceMedicalPractice,40012,55.87779717627148,-4.287255656417907,9036
The Terrace Medical Practice,40027,55.921351660565385,-4.333458393486046,7678
Drs Reid & MacLaren Partnership,40031,55.8668546474773,-4.28792303651585,4499
Red Wing Medical Practice,40046,55.89912402017011,-4.405302268983812,9131
Anniesland Medical Practice,40051,55.89168802417968,-4.330669327866463,8744
Old Kilpatrick Medical Practice,40065,55.92474235363863,-4.458088720763484,5346
Abingdon Medical Practice,40070,55.87113070084999,-4.303474186493644,3988
Pennan Practice,40084,55.88549216270014,-4.360988777745375,2428
Kessington Medical Centre,40101,55.916618974638844,-4.320865398762426,7445
The Broomhill Practice,40121,55.87256833553201,-4.322153067733659,6839
Northcote Surgery,40140,55.87912037794521,-4.299694031294633,12937
Queens Crescent Surgery,40154,55.871285587922735,-4.269990384091552,7918
Ashfield Medical Practice,40173,55.93969190609647,-4.3170885653378805,7689
Dr I. Cullen,40188,55.87772105437506,-4.305303648176767,2706
Gardner Street Surgery,40192,55.871276468737605,-4.3043301391350415,2933
Shaftesbury Medical Practice,40210,55.874678073754545,-4.338427605013874,1435
The Green Medical Practice,40224,55.89912402017011,-4.405302268983812,8878
Bluewing Medical Practice,40262,55.89912402017011,-4.405302268983812,6185
"Drs McAlpine, Walker & Pettigrew",40277,55.871231358994415,-4.313440153428192,4291
Dr Haggerty,40281,55.90616762043645,-4.3538764168426045,1997
Peel Street Medical Centre,40296,55.871214199019875,-4.30861100691698,2063
Drs Melrose & Sharp Partnership,40328,55.8668546474773,-4.28792303651585,4589
Knightswood Medical Practice,40332,55.89448360629184,-4.337299715589191,5413
Dr A P Jackson & Partners,40351,55.87861980963332,-4.3043495495389665,5072
Kersland House Surgery,40385,55.942245377084845,-4.314181943453082,7633
Dr M Roushdy-Gemie & Dr M Smith,40390,55.897184570112444,-4.369042309806575,2368
Whiteinch Medical Practice,40417,55.87458629108683,-4.338054346661047,2216
Drs Logan & Macdonald,40421,55.909817514190664,-4.369780840786674,2576
Garscadden Burn Medical Practice,40436,55.909817514190664,-4.369780840786674,5142
"Drs MacNeill, Clarey & Henderson",40455,55.86445730242543,-4.282459285770626,6820
Dr A Khan,40460,55.87403937284937,-4.282446029457814,2103
The Cairntoul Practice,40493,55.886340226246645,-4.359888747280424,2381
Yoker Medical Centre,40525,55.88922218964385,-4.380137238514981,4641
Drumchapel Medical Practice,40544,55.909817514190664,-4.369780840786674,3050
Drs Turnbull & Shotton,40559,55.909817514190664,-4.369780840786674,2700
Scotstoun Medical Practice,40563,55.8780435991051,-4.347200697311651,2082
Barclay Medical Practice Victoria Park,40578,55.87842282373406,-4.34711165690152,3767
The Orange Wing Medical Practice,40582,55.89912402017011,-4.405302268983812,6050
Glasgow West Medical Practice,40629,55.875321834358566,-4.339553565694257,5332
Challenging Behaviour Practice,40667,55.859090376303264,-4.231050140390615,67
Dr Chalmers & Partners,40691,55.89912402017011,-4.405302268983812,6912
Dr Rai & Partners,40703,55.89912402017011,-4.405302268983812,2990
Ashton Medical Practice,40718,55.87424079181212,-4.292402584424128,8035
Dr M Duffy & Dr A Morgan,40722,55.909817514190664,-4.369780840786674,4307
Kingsway Medical Practice,40737,55.883565115239804,-4.356010038886499,6546
Denbridge Medical Practice,40741,55.91817272829775,-4.330450172739215,9268
Gairbraid Medical Practice,43011,55.88997909568039,-4.291475332342858,5751
Regent Gardens Medical Centre,43030,55.93927041453981,-4.159764842066411,10376
The Turret Medical Centre,43044,55.939447894444676,-4.154249661896441,6391
Springfield Medical Practice,43059,55.90425304178798,-4.219850768467478,9329
Dr A. Polding,43063,55.88283227342248,-4.227886716925336,2752
Dr Burton & Dr Krishnan,43082,55.879737514504264,-4.269844158084393,2333
Atlas Medical Practice,43097,55.88283227342248,-4.227886716925336,2945
Dr Diane Kelly & Partners,43100,55.937429774265546,-4.154521944948883,7217
Peelview Medical Centre,43114,55.93931024967218,-4.1585179193532404,10430
Drs Ballantyne & Blair,43129,55.88283227342248,-4.227886716925336,3493
The Barony Medical Centre,43133,55.87634784101023,-4.226108194158859,5638
The Firhill Practice,43167,55.879737514504264,-4.269844158084393,5493
Kenmure Medical Practice,43171,55.90425304178798,-4.219850768467478,7924
"Drs Leslie, Ojo & Chetty",43186,55.879737514504264,-4.269844158084393,6624
Drs Gaw & Esler,43191,55.879737514504264,-4.269844158084393,3314
Kelvin Medical Centre,43203,55.8758499416683,-4.270576580681553,4148
"Drs Adair, Denholm & Pugh",43218,55.879737514504264,-4.269844158084393,5965
Auchinairn Medical Practice,43222,55.898312600050474,-4.214312056502658,7158
Keppoch Medical Practice,43237,55.88115687648866,-4.252768614471968,4092
Balmore Surgery,43256,55.88115687648866,-4.252768614471968,3418
Lennoxtown Medical Practice,43261,55.97453550362472,-4.200665229071048,3361
"Drs Meek, Fox & Jamieson",43275,55.89236537796744,-4.200105156346453,3482
Allander Surgery,43294,55.885497558763504,-4.250845123505534,3565
Dr Campbell & Dr Halstvedt,43307,55.89880109348728,-4.24392054695749,3045
Maryhill Red Practice,43311,55.88997909568039,-4.291475332342858,5630
Fernbank Medical Centre,43326,55.886929088227156,-4.233447275709951,5146
Dr Rasul & Partners,43453,55.879737514504264,-4.269844158084393,6990
Dr Ho Chong Teck,43468,55.879737514504264,-4.269844158084393,1945
Dr Harris & Partners,43504,55.88283227342248,-4.227886716925336,7337
Drs Langridge & Black,43538,55.88115687648866,-4.252768614471968,2259
Dr M Showkat,43542,55.88115687648866,-4.252768614471968,2574
Dr Paul Lyons,43557,55.90356639035074,-4.226019582603443,1705
Barclay Medical Practice,43576,55.88997909568039,-4.291475332342858,55163
Woodhead Medical Practice,43581,55.93463437289896,-4.150411609316108,6786
Townhead Medical Practice,46019,55.86554810165258,-4.230333506055111,14644
Dr Ali & Dr Mackenzie,46023,55.85252853378347,-4.226599327977694,2509
Glenmill Medical Practice,46057,55.87874551690021,-4.193194421218985,6965
Parade Group Practice,46061,55.86554810165258,-4.230333506055111,17815
The Cairns Practice,46081,55.85235091809721,-4.168617504963756,9586
Drs Mckenzie & Burns,46095,55.85250687853816,-4.193281724690209,3037
Drs Wilson & Boyd,46112,55.8754972476186,-4.160874572508727,5153
Annfield Medical Centre,46127,55.85875873362676,-4.220067679038807,1986
Crail Medical Practice,46131,55.849112484716294,-4.189064125774327,4251
Carntyne Medical Centre,46146,55.85939146617215,-4.192806715464518,4358
Dr M Khan,46151,55.84621802609158,-4.204174854716325,2420
Dr S Ross,46165,55.85235091809721,-4.168617504963756,3698
Main Street Medical Centre,46184,55.848171008117035,-4.225998593775087,7688
Dr K Miller & Partners,46201,55.86169173008037,-4.1654460590131155,3198
McGlone Practice,46216,55.84894009848337,-4.115175025771704,13317
Oakwood Medical Practice,46221,55.86898197774649,-4.124672984227998,5253
Drs Dames & Lateef,46235,55.85250687853816,-4.193281724690209,4918
Dr D.S.Dhami,46240,55.86898197774649,-4.124672984227998,1928
"Drs Mccallum, Gardiner & Makun",46292,55.86169173008037,-4.1654460590131155,3409
The Muirside Medical Practice,46305,55.84894009848337,-4.115175025771704,7899
Westmuir Medical Centre,46339,55.849852833416655,-4.189888674613775,3851
Tollcross Medical Centre,46343,55.84362017187649,-4.170319840435902,7973
Drs Day & Raja,46381,55.85252853378347,-4.226599327977694,2337
Dr M P Hamayun & Dr M R Masood,46396,55.85252853378347,-4.226599327977694,1429
Drs Connaughton & Sudomir,46428,55.85252853378347,-4.226599327977694,4525
Dr M Saleem,46447,55.85252853378347,-4.226599327977694,1541
Newhills Medical Practice,46451,55.86898197774649,-4.124672984227998,9727
Lochend Surgery,46471,55.86898197774649,-4.124672984227998,2719
Drs Al-Agilly & Morgan,46521,55.86332202407226,-4.179506252964422,6333
Abercromby Practice,46555,55.85252853378347,-4.226599327977694,3281
The Whitevale Medical Group,46560,55.857159054951246,-4.21556566352678,4719
Dalmarnock Family M P,46574,55.85252853378347,-4.226599327977694,1196
Homeless Health & Resource,46589,55.859090376303264,-4.231050140390615,111
"Drs Dunn, Lynas & Rodgers",46606,55.85252853378347,-4.226599327977694,3186
Calton Medical Practice,46611,55.85252853378347,-4.226599327977694,2036
Meadowpark Surgery,46625,55.863256467131244,-4.213387461807665,8083
Practice B,49041,55.837315269610166,-4.256940657845548,12107
Dr C Mills & Partners,49074,55.848363149279315,-4.2514936695531516,3443
Eglinton Medical Centre,49093,55.84346414135092,-4.261306924378236,2465
Croftfoot Surgery,49106,55.80984522990925,-4.240777074576103,7134
"Drs McGivern, Murthy & Sinha",49130,55.826274888787566,-4.263918060946017,4160
Nithsdale Merryvale Group Practice,49144,55.83947305097392,-4.274477312300815,9727
Drs Boardman & Partners,49159,55.79337190050302,-4.281186194019625,7162
Dr G Smith & Partners,49178,55.837315269610166,-4.256940657845548,5598
Sheddens Medical Practice,49197,55.785435062870015,-4.273416238108477,2476
Drs Geddes & Partners,49200,55.827781290964516,-4.2825937215655685,4891
Drs Morrice & Partners,49214,55.79337190050302,-4.281186194019625,8019
Merrylee Medical Centre,49248,55.81467411593575,-4.265191814017621,5555
Butterbiggins Medical Centre,49267,55.84045303175949,-4.258368508416888,5116
Shawlands Surgery,49271,55.828425959566985,-4.287566066140112,5970
Queens Park Medical Practice,49286,55.83571923774548,-4.269913590689171,2974
Baker Street Surgery,49318,55.8302576411998,-4.278474770059663,2294
Mearns Medical Centre,49337,55.77236521983151,-4.329106088537787,13943
Dr Linda J Wright,49375,55.8283060815974,-4.232959846003342,2066
The Khan Medical Surgery,49411,55.81917568460289,-4.235326442791062,1698
Eastwoodmains Medical Practice,49445,55.79337190050302,-4.281186194019625,4703
Broomburn Medical Centre,49464,55.775086828350446,-4.312555176483172,3009
"Drs Rennie, Gallacher, Steel & Lange",49553,55.82608520959164,-4.285831777446371,5700
Greenlaw Medical Practice,49568,55.78280712702673,-4.3458078925344,4816
The Gordon Practice,49604,55.848363149279315,-4.2514936695531516,6087
Elmwood Medical Practice,49619,55.79337190050302,-4.281186194019625,2787
Carolside Medical Centre,49623,55.78750993167254,-4.273983803951888,7876
The Maclean Medical Practice,49638,55.79337190050302,-4.281186194019625,8868
Regency Medical Practice,49676,55.84534722594954,-4.2732547789212045,3207
Mount Florida Medical Centre,49681,55.82852878585304,-4.259641469861587,10000
Dr M. M. Sharif & Dr M. T. Saleem,49712,55.8302576411998,-4.278474770059663,1769
Castlemilk Group Practice,49751,55.80584884623341,-4.233668628268141,10274
The Ker Practice,49765,55.80984522990925,-4.240777074576103,10351
Kingspark Surgery,49770,55.81917568460289,-4.235326442791062,4992
Williamwood Practice,49784,55.79400925533045,-4.286552565225134,9562
Shields Medical Practice,49801,55.84534722594954,-4.2732547789212045,3954
Midlock Medical Centre,52005,55.85206783148767,-4.29807945892808,8624
Dr MacCuish Practice,52010,55.810630671808134,-4.245515056049454,1813
Thurston Road Medical Practice,52024,55.8508286944694,-4.355977609064789,4076
Dr C P Fraser & Partners,52039,55.837315269610166,-4.256940657845548,5655
Braidcraft Medical Centre,52043,55.83229152208155,-4.339619606033349,5877
The Crescent Medical Practice,52058,55.85229465784073,-4.2941139968999185,5795
The David Elder Medical Practice,52062,55.86042071492997,-4.325215977380863,5334
The Green Practice Govan,52096,55.86042071492997,-4.325215977380863,4842
Drs Chita & Hayes,52109,55.85080418620592,-4.30364535070003,2849
Dr Ferguson & Partners,52128,55.85290013749857,-4.277978388411882,10428
Dr Raheela Bhatti,52147,55.80665695198378,-4.329605952371839,1356
Waverley Park Medical Practice,52151,55.83180329383319,-4.28479381469981,4607
Drs Mcnaughtan & O'Neill,52185,55.845504985941254,-4.341036693847252,3673
"Drs Dale, Blackwood & Chambers",52202,55.854235030775484,-4.278216318158784,3874
Dr Mckeeve,52217,55.85290013749857,-4.277978388411882,2018
"Drs Quigley, Canning, Wedlock& Rosiou",52221,55.807206236912485,-4.317189228167704,5998
Dr Mair & Partners,52241,55.84626974258148,-4.334851637102075,7080
Drs McColl & McLaughlin,52255,55.807206236912485,-4.317189228167704,8123
Dr Alam's Surgery,52260,55.85290013749857,-4.277978388411882,1558
The Peat Road Medical Practice,52293,55.822801300010504,-4.345181240446297,5439
Yellow Practice,52330,55.86042071492997,-4.325215977380863,3985
Crookston Medical Practice,52344,55.82948889648681,-4.3583440217510345,6661
Dr K G Hardie & Partners,52359,55.86042071492997,-4.325215977380863,8686
Drs Ghaus & Khouly,52400,55.822801300010504,-4.345181240446297,5930
Drs Datta & Partners,52414,55.845504985941254,-4.341036693847252,5083
Pollokshaws Medical Centre,52429,55.82656743817351,-4.295169852384327,9345
Thurso & Halkirk Medical Practice,55003,58.59192214295713,-3.5243325342617444,5992
Nairn Healthcare Group,55041,57.57838627915069,-3.871152738891673,15501
Dunbeath Surgery,55075,58.2469441695984,-3.4378310805561125,655
Canisbay & Castletown Joint Medical Practice,55080,58.59236323626427,-3.387830851206382,2900
Riverview Medical Practice,55131,58.44197649083099,-3.0868080738547374,7326
The Pearson Practice,55145,58.44197649083099,-3.0868080738547374,2327
Armadale Medical Practice,55183,58.55159216352506,-4.084195908867334,899
Dornoch Medical Practice,55201,57.87855117162975,-4.02672707237787,2697
Golspie Medical Practice,55220,57.97479552038322,-3.9758248329842565,2006
Lairg Health Centre,55249,58.023873511247615,-4.395821747945411,1171
Assynt Medical Practice,55253,58.154333420147566,-5.23791607572368,943
Tongue Medical Practice,55272,58.478006178936496,-4.41608330246428,526
Helmsdale/Brora Med Practice,55287,58.01272456902725,-3.8514003519773583,2524
Creich Surgery,55291,57.89017821077152,-4.342168116862725,1651
"Scourie, Kinlochbervie and Durness Medical Practice",55304,58.458458997695246,-5.042184873183815,888
Riverbank and Lybster Medical Practice,55319,58.5924867082588,-3.520657511720288,6499
Alness/Invergordon Med Prcte,55338,57.695329082523116,-4.246851020152181,13200
Applecross Surgery,55342,57.42700239206426,-5.819468263950462,269
Aultbea & Gairloch Medical Practice,55357,57.8361560897032,-5.575936213373442,2368
Dingwall Medical Group,55376,57.59415358240956,-4.4166737435538135,11492
Fortrose Medical Practice,55381,57.58225416061195,-4.130691937042533,4963
Lochcarron Medical Partnership,55395,57.39909656964484,-5.496084721472281,959
Munlochy Surgery,55408,57.55068161019554,-4.259616079780368,3420
Strathpeffer Medical Practice,55412,57.58622183859327,-4.542369343860798,3840
Tain & District Med Group,55427,57.80961910894746,-4.06319424938638,3012
Tain & Fearn Area Med Practice,55431,57.80961910894746,-4.06319424938638,5775
Torridon Medical Practice,55446,57.5470861906367,-5.511835226508177,468
Ullapool Health Centre,55451,57.9024199621528,-5.156278306739806,2581
Carbost Medical Practice,55521,57.29633981551167,-6.337439540712454,644
Dunvegan Medical Practice,55535,57.428981956734454,-6.565721155962729,1824
Glenelg Health Centre,55554,57.2138494973674,-5.618475115246503,254
Kyle Medical Practice,55569,57.28106509272482,-5.7140818942665526,2759
Portree Medical Centre,55573,57.41157022933705,-6.191242309637798,5464
Craig Nevis Surgery,55605,56.839470499232156,-5.077395830442076,3757
Glen Mor Medical Practice,55610,56.839470499232156,-5.077395830442076,5584
Tweeddale Medical Practice,55624,56.839470499232156,-5.077395830442076,5151
Kinlochleven Medical Practice,55639,56.716582230477265,-4.962766170529016,922
Lochaline Medical Practice,55643,56.538890483258484,-5.778034103000528,346
Acharacle Medical Practice,55662,56.745670586728004,-5.798545414869056,1389
Small Isles Medical Practice - Isle of Eigg,55677,56.90208770593237,-6.14167234398304,199
Aird Medical Practice,55696,57.48292216650976,-4.457609031337752,3302
Croyard Road Surgery,55709,57.48474522508709,-4.460902079732833,6175
Drumnadrochit Medical Practice,55728,57.328842984788196,-4.474259500931666,2386
Cill Chuimein Medical Centre,55732,57.14062890098469,-4.685213333755516,1544
Loch Ness East And Strathnairn,55747,57.25421426218002,-4.493231548890943,1004
Culloden Surgery,55751,57.48754431845719,-4.1421083431335415,6093
Culloden Medical Practice,55766,57.48754431845719,-4.1421083431335415,6871
Kingsmills Medical Practice,55817,57.47461346218099,-4.216432605550109,9605
Fairfield Medical Practice,55836,57.48202986898399,-4.236136037461266,6509
Riverside Medical Practice,55841,57.470455083682374,-4.23005795797263,10246
Kinmylies Medical Practice,55860,57.47364271210983,-4.254456194468593,3809
Southside Road Surgery,55874,57.47193967661386,-4.218238893685193,4774
Burnfield Medical Practice,55889,57.46488424705055,-4.200867739965038,6903
Crown Medical Practice,55893,57.478672265090125,-4.217629435705187,6101
Aviemore Medical Practice,55911,57.19811340603019,-3.826346120622654,5347
Grantown-On-Spey Medical Practice,55925,57.33535222371168,-3.603637517147357,5408
Kingussie Medical Practice,55930,57.081302642832874,-4.052334515970006,2988
Gergask Surgery,55944,57.02039662166641,-4.2844477935645235,463
Cairn Medical Practice,56006,57.47260652923555,-4.222215871049529,9673
Dunedin Medical Practice,56011,57.465160753307785,-4.209206110024776,2535
Ballachulish Medical Practice,56025,56.67698082294588,-5.129611705275106,1597
Mallaig And Arisaig Medical Practice,56030,57.004192446333896,-5.829849625901789,1792
SOUTH SKYE MEDICAL PRACTICES,56523,57.2468677037359,-5.908368493113505,2910
Cromarty Medical Practice,56538,57.68167105379556,-4.035467595802815,1087
Jamieson Medical Practice,60054,55.90340329170112,-4.1065714574978545,14405
Nalagatla Medical Practice,60073,55.891294581373465,-4.143630635146482,3890
Stepps Surgery,60088,55.891670890240796,-4.14369937382929,3491
The Stonelaw Practice,60092,55.82356703660563,-4.20868950708133,12940
Wardlaw Medical Practice,60105,55.82356703660563,-4.20868950708133,4983
Drs Tierney & Canning,60110,55.82356703660563,-4.20868950708133,4749
Silverbank Surgery,60124,55.819933225519115,-4.176568249787439,2745
Overtoun Medical Practice,60139,55.82356703660563,-4.20868950708133,4511
North Avenue Surgery,60143,55.81932999646902,-4.172559196041826,11666
Dr R Afuakwah,60158,55.82610969814514,-4.216242907902621,1541
Dr Oliver Frenschock,60162,55.819506843250494,-4.16457040381094,1643
The Craigallian Avenue Practice,60177,55.81179201069185,-4.145242838505482,9237
Dr Friel & Dr Bagnall,60181,55.82356703660563,-4.20868950708133,3897
Parkview Practice,60196,55.82356703660563,-4.20868950708133,2042
Ardoch Medical Practice,60209,55.819933225519115,-4.176568249787439,4121
The Motherwell Medical Practice,60213,55.785874491557976,-3.983332753519229,11113
Glenboig Surgery,60228,55.89644956011022,-4.05588505723956,3681
Adam Avenue Practice,61061,55.86594036052616,-3.977134569022247,9715
Tinto Medical Practice,61131,55.86594036052616,-3.977134569022247,5032
Bankhouse Medical Practice,61151,55.86594036052616,-3.977134569022247,4030
Dr O Osibo,61170,55.86594036052616,-3.977134569022247,1737
Centenary Surgery,61216,55.8539878315977,-4.028394918706578,2137
The Faraday Medical Practice,61240,55.85976507223868,-4.024700687717913,6795
Kildrum Medical Practice,61305,55.95335957986727,-3.969638398296864,5657
Condorrat Medical Practice,61324,55.93293328385339,-4.025425997705573,5289
Caledonia Medical Practice,61339,55.94643886064342,-3.9858804637625576,10871
Dr Carroll & Partners,61343,55.94643886064342,-3.9858804637625576,12079
Kenilworth Medical Centre,61358,55.9405630999773,-3.9957489170945517,12976
Abronhill Medical Group,61377,55.960385694861195,-3.9505759620837577,4603
Dr DJ Clifford,61381,55.960385694861195,-3.9505759620837577,3031
Waverley Medical Practice,61447,55.85976507223868,-4.024700687717913,21008
Coatbank Medical Practice,61451,55.85976507223868,-4.024700687717913,7759
Atrium Medical Practice,61466,55.86174269913157,-4.023045545788973,6527
Church Street Practice,61485,55.86174269913157,-4.023045545788973,6144
Kilsyth Medical Partnership,61502,55.978171128365396,-4.060027121720579,14120
WELLWYND PRACTICE,61625,55.86594036052616,-3.977134569022247,20832
Strathcalder Practice,61644,55.77141721895202,-4.152384041485359,8119
Thistle Medical Practice,61659,55.86594036052616,-3.977134569022247,6662
Mossend Surgery,62011,55.819245736647574,-4.007780087248102,6102
Bruce Medical Centre,62031,55.81883508472941,-4.009259596357009,8637
Fullwood Medical Practice,62045,55.81539866871095,-3.9761667001872394,2542
John Street Surgery,62050,55.8189418918321,-4.010973308560036,8043
Newarthill Medical Practice,62115,55.80931543340062,-3.949603466668591,3188
Drs Rao/Raman,62120,55.821939599115844,-3.973512775199453,3202
High Mill Medical Practice,62219,55.73522607543785,-3.8353540143548517,6712
St Luke's Medical Practice,62223,55.73522607543785,-3.8353540143548517,11430
Biggar Medical Practice,62312,55.62260164469806,-3.518277235507566,7713
Kingshill Medical Practice,62346,55.765133660736964,-3.6843724161642992,2925
Douglasdale Medical Practice,62510,55.55572074013042,-3.8460045543654267,5384
Dr GD Brough & Partners,62596,55.84548004809003,-3.9469407136111387,7446
Orchard Medical Centre,62609,55.79162127128221,-3.995892941289688,13070
Blackwood Medical Practice,62628,55.66758120045227,-3.9154822924899952,3831
Glebe Medical Practice,62632,55.640804941976775,-3.885363582047657,6368
Willow Wood Medical Practice,62666,55.77501876201076,-3.919250929703774,3650
Clyde View Medical Practice,62671,55.77501876201076,-3.919250929703774,8594
Clyde Practice,62690,55.78515271412709,-3.982945159356598,2629
Drs Keenan & Fisher,62702,55.78515271412709,-3.982945159356598,3366
Dr A Porte & Partners,62717,55.78219864408999,-3.9794138046729697,9974
Knowetop Medical Practice,62736,55.78515271412709,-3.982945159356598,4347
Forestbank Medical Partnership,62844,55.859526757709695,-3.7508417862061485,3633
Dr George Practice,62897,55.81796923771608,-3.788260564648512,1962
Dryburgh Medical Practice,62914,55.77501876201076,-3.919250929703774,4324
Logan Practice,62933,55.77501876201076,-3.919250929703774,9780
Branchalwood Medical Practice,62967,55.77501876201076,-3.919250929703774,5709
Burnbrae Medical Practice,62986,55.823180343443425,-3.809270854068253,9148
Rosehall Surgery,62991,55.82027879427851,-3.804889638633738,2800
Calderside Medical Practice,63033,55.790509279267994,-4.0914266010682825,7071
Victoria Medical Practice,63052,55.790509279267994,-4.0914266010682825,5399
Bothwell Medical Centre,63118,55.80490645849124,-4.070302850785763,10634
Mavor Medical Practice,63231,55.76254351652395,-4.1749631444832165,9025
Kirkview Medical Practice,63245,55.76254351652395,-4.1749631444832165,7424
Kittoch Medical Practice,63250,55.76254351652395,-4.1749631444832165,7690
Huntergreen Medical Practice,63264,55.76254351652395,-4.1749631444832165,7680
Kilbryde Medical Practice,63283,55.76254351652395,-4.1749631444832165,4160
Calderglen Medical Practice,63298,55.76254351652395,-4.1749631444832165,5936
The Murray Surgery,63301,55.75273664127772,-4.184107567870953,11347
Auchinraith Medical Practice,63334,55.790509279267994,-4.0914266010682825,5374
Burnbank Medical Centre,63419,55.7815024998827,-4.067019741904554,8091
Portland Park Medical Centre,63423,55.7690265660077,-4.036352172754259,6753
Wellhall Medical Centre,63438,55.77126912536047,-4.072106649373775,11739
Oak Lodge,63442,55.773207012839485,-4.030319402256789,6969
Douglas Street Surgery,63457,55.778769582014064,-4.050416396538494,7670
Hamilton West Medical Practice,63461,55.778914877179574,-4.056245165956124,6693
Drs Clokey & McShane,63476,55.7623022643257,-4.04237818504589,5138
Dr JM Simpson & Partners,63481,55.7613218313951,-4.046742606527893,7643
Calderlea Surgery,63508,55.77141721895202,-4.152384041485359,5846
Gallowhill Medical Centre,63512,55.73686514443989,-3.9714466907019452,1677
Morgan Glen Surgery,63527,55.73481978072637,-3.9751189828775395,9759
Macinnes Medical Centre,63546,55.81361157615547,-3.942794963933778,8379
The Avon Medical Practice,63616,55.73985907495196,-3.9713905509104297,13259
Lanarkshire Medical Group,63724,55.677944865052694,-4.062428306924125,18462
Avondale Medical Practice,63739,55.677944865052694,-4.062428306924125,7908
Lincluden Medical Centre,63813,55.81751689312069,-4.070302102536801,8731
Old Mill Surgery,63828,55.82924743940694,-4.054700932008376,8225
Viewpark Health Centre,63832,55.829111318260296,-4.056929396563335,2943
Manse Road Medical Centre,63890,55.78323241227748,-3.877436363704871,4421
Calder Valley Surgery,63902,55.77501876201076,-3.919250929703774,2081
Medwyn Medical Practice,63917,55.69857133542281,-3.624375979843517,6074
LMG - Lanark,63921,55.67434915296115,-3.770648096354479,12296
Challenging Patients Service,65931,55.790509279267994,-4.0914266010682825,57
Braids Medical Practice,70075,55.90660291911647,-3.2086476210728474,9858
The Green Practice,70094,55.95703270731351,-3.206197914193627,10123
Leven Medical Practice,70107,55.94405906291539,-3.204977905996036,6652
Southfield Medical Practice,70126,55.94039400985372,-3.1151005386554043,4529
Colinton Surgery,70131,55.908953535264544,-3.2513267252818037,11877
Ferniehill Surgery,70164,55.907353792723264,-3.1324863287723357,6920
Leith Surgery,70179,55.97033521418607,-3.1695792231478985,10361
Niddrie Medical Practice,70198,55.932651269675596,-3.134392835354046,4233
Craigmillar Medical Group,70215,55.932651269675596,-3.134392835354046,11110
Ladywell Medical Centre (West),70220,55.94029050569181,-3.2887648223553816,10868
The Long House Surgery,70234,55.97626983636351,-3.200065224754177,8051
Whinpark Medical Practice,70253,55.92793335646982,-3.2697702912311386,10968
Brunton Place Surgery,70268,55.95792584059606,-3.1732578600994064,9487
Dr Steve Allan & Partners,70272,55.97282036422033,-3.1999263756184386,10409
Inchpark Surgery,70291,55.92125939302675,-3.1582103097770413,5825
West End Medical Practice,70319,55.949455437881404,-3.2145948899703605,11256
Bruntsfield Medical Practice,70323,55.93573976654396,-3.2056642376360354,12150
Ladywell Medical Centre (East),70361,55.94081516703102,-3.2867166319752603,10907
Liberton Medical Group,70376,55.90932883395736,-3.1616464739199155,7929
Mackenzie Medical Centre,70381,55.94549939889988,-3.182458582632904,8407
Dr Thyne & Partners,70408,55.95703270731351,-3.206197914193627,9350
Grange Medical Group,70412,55.93515452366671,-3.1919255121092354,7827
Milton Surgery,70427,55.94039400985372,-3.1151005386554043,7572
Meadows Medical Practice,70451,55.94264811439652,-3.199457622589624,5465
Dalkeith Road Medical Practice,70470,55.93486895354596,-3.1663650806864636,3885
Annandale Medical Practice,70499,55.960884293385774,-3.182463058942743,7840
Murrayfield Medical Practice,70501,55.943584525844976,-3.244580592839933,7354
Gracemount Medical Practice,70516,55.903887921231096,-3.155388977186731,8654
The Hopetoun Practice,70521,55.960884293385774,-3.182463058942743,7442
Blackhall Medical Centre,70535,55.959959418908745,-3.2550867299330086,6667
Restalrig Park Medical Centre,70569,55.96467381369063,-3.1552769686623225,6146
Crewe Medical Centre,70573,55.97527945838605,-3.2366232639367434,10011
The Southern Medical Group,70588,55.916588083965884,-3.1503579508410677,7810
University Health Service,70592,55.94604272058042,-3.1867029513731584,24465
Durham Road Medical Group,70605,55.947614157967934,-3.1186231312112946,6125
Craiglockhart Medical Group,70610,55.911089515855885,-3.2355873682374288,9201
Dr A Comiskey and Partners,70639,55.92515993628517,-3.1648409952827197,11209
Baronscourt Surgery,70658,55.9546132029256,-3.1393758772892446,7308
Muirhouse Medical Group,70662,55.970209532041096,-3.2527905453597703,18316
Davidson's Mains Medical Centre,70709,55.963732138835084,-3.271903684560622,5786
Summerside Medical Practice,70747,55.97500388307289,-3.186018936095098,6356
Marchmont Medical Practice,70766,55.93934331921908,-3.194600010509463,1840
St Triduana's Medical Practice,70785,55.95634725565309,-3.131609745030832,11513
Morningside Medical Practice,70790,55.93018653374661,-3.210198114448603,8913
St Leonard's Medical Centre,70841,55.94462418176293,-3.1800138214298896,8050
Braefoot Medical Practice,70893,55.92515993628517,-3.1648409952827197,5233
Sighthill Red Medical Practice,70906,55.923528819463215,-3.284607280570524,3825
Sighthill Green Medical Practice,70911,55.923528819463215,-3.284607280570524,10149
Riccarton General Practice,70925,55.909439601869146,-3.319276552951601,9351
The Pentlands Medical Practice,70930,55.89566208107091,-3.313466951390135,14039
Edinburgh Access Practice,70963,55.94905410729863,-3.1828712198373994,754
Wester Hailes Medical Practice,70978,55.91225277125979,-3.2809382506592337,7441
The Victoria Practice,70982,55.9717094511969,-3.1734346391290646,5493
Slateford Medical Practice,70997,55.934220616736,-3.23742820544443,10672
Polwarth Medical Practice,71011,55.94405906291539,-3.204977905996036,5400
Murrayfield Medical Centre,71025,55.94305772721892,-3.2548762929991506,7641
Springwell Medical Group,71082,55.93839578597699,-3.225200530726125,10953
Firrhill Medical Centre,71097,55.911089515855885,-3.2355873682374288,5532
Leith Mount Surgery,71114,55.9785965130455,-3.181544908092392,11460
Cramond Medical Practice,71129,55.977235346574865,-3.298119119356353,8629
Challenging Behaviour General Practice,71171,55.93988020419957,-3.192983321083685,26
Gilmore Medical Practice,71222,55.94405906291539,-3.204977905996036,8024
The Group Practice - Eyre,71326,55.96172762155876,-3.19750038162984,10141
Mill Lane Surgery,71364,55.974754490577915,-3.1754660056670083,5908
Boroughloch Medical Practice,71379,55.93988020419957,-3.192983321083685,8658
Links Medical Centre,71398,55.96923096019772,-3.1628158387192133,6587
Parkgrove Medical Practice,71401,55.95929287581821,-3.286608736249747,3583
Ratho Medical Practice,71420,55.920570001686826,-3.3859445028813693,3025
Barclay Medical Practice East Craigs,71434,55.95142545654648,-3.3023967271869292,9047
Hermitage Medical Practice,71449,55.92591262794919,-3.207071752603178,7358
Tyne Medical Practice,76000,55.95696485801594,-2.7753281270795966,6663
Gullane Medical Practice,76029,56.03515180767839,-2.8253196109068988,5824
Riverside Medical Practice LLP,76033,55.938706012027744,-3.0515676326227394,19695
The Harbours Medical Practice,76052,55.96916099338628,-2.95899181632007,9786
Lammermuir Medical Practice,76071,55.95696485801594,-2.7753281270795966,5304
Whitesands Medical Practice,76086,55.999605970959685,-2.5113683122899695,4982
The Orchard Medical Practice,76103,55.95696485801594,-2.7753281270795966,5426
Prestonpans Group Practice,76122,55.95645170316839,-2.974231343176398,9368
North Berwick Group Practice,76137,56.05550908042562,-2.7152681614918865,9610
Inveresk Medical Practice,76141,55.938706012027744,-3.0515676326227394,9497
Lauderdale Medical Practice,76161,55.999605970959685,-2.5113683122899695,4237
Cromwell Harbour Medical Practice,76180,55.999605970959685,-2.5113683122899695,4905
East Linton Surgery,76194,55.98449443169601,-2.655160606541421,2898
Ormiston Medical Practice,76211,55.91063670290272,-2.9492591642493258,4108
Tranent Medical Practice,76226,55.942531609418296,-2.950103224259678,14058
Eastfield Medical Practice,77036,55.83661420481784,-3.2159933432680625,6048
Dalhousie Medical Practice,77055,55.87850207152745,-3.106339643214382,8914
Quarryfoot Practice,77074,55.87850207152745,-3.106339643214382,4710
Roslin Medical Practice,77093,55.85682599614221,-3.1742835645070597,7223
Newbattle Medical Practice,77106,55.86760950339118,-3.047903715625062,18706
Penicuik Medical Practice,77111,55.82822733252788,-3.219850897674557,11524
Pathhead Medical Practice,77125,55.86254441411903,-2.9604862003793473,6289
Newbyres Medical Group,77159,55.84315967180807,-3.047613229043364,8274
Dalkeith Medical Practice,77197,55.89428676353526,-3.0661188261961065,10111
Danderhall Medical Practice,77200,55.912812522205876,-3.1053484276132526,4387
Strathesk Medical Group,77271,55.87850207152745,-3.106339643214382,8702
Loanhead Medical Practice,77286,55.87892760976383,-3.153000867803422,6077
Carmondean Medical Group,78010,55.90225990122903,-3.5462859059149596,9629
East Calder Medical Practice,78024,55.89568808871631,-3.4611098864705987,13189
Ferguson Medical Practice,78062,55.932925255950806,-3.482571381234189,6698
Newland Medical Practice,78077,55.89778107930633,-3.645680199921532,9221
Lanrigg Medical Practice,78109,55.82958920143982,-3.7028379750696208,2975
Linden Medical Practice,78113,55.932925255950806,-3.482571381234189,6675
Kingsgate Medical Practice,78128,55.89778107930633,-3.645680199921532,8328
Simpson Medical Group,78132,55.89778107930633,-3.645680199921532,8742
West Calder Medical Practice,78147,55.84979021627147,-3.576951907122059,9649
Linlithgow Group Medical Practice,78166,55.97623842727429,-3.60624767738639,15521
South Queensferry Medical Practice,78171,55.989914644298345,-3.3976596938062733,12578
Whitburn Group Medical Practice,78190,55.867087092691676,-3.6876642292067223,12638
Barbauchlaw Medical Practice,78241,55.89964404098458,-3.697779930600662,13087
Howden Health Centre,78255,55.892863143945746,-3.5214582456154044,12264
Dedridge Medical Group,78260,55.8798386850278,-3.5070232005466786,9977
The Wood Medical Practice,78306,55.932925255950806,-3.482571381234189,7707
The Craigshill Partnership,78311,55.89775797752471,-3.493082200987864,8688
Ashgrove Group Practice,78330,55.87475,-3.62148,7266
Murieston Medical Practice,78344,55.87034620054306,-3.5057284377331834,6291
Almond Group Practice,78359,55.95526210861655,-3.403939518418327,10068
Barclay Medical Practice,78397,55.90225990122903,-3.5462859059149596,12523
Barclay Medical Practice-Fauldhouse,78414,55.82958920143982,-3.7028379750696208,5279
South Beach Medical Centre,80005,55.63983743496203,-4.813766535010007,8537
Central Avenue Surgery,80010,55.650700862614514,-4.8049905607023735,4149
Tam's Brig Surgery,80058,55.47175295561134,-4.625384177557444,7947
The Surgery,80062,55.45935422955583,-4.6342425970953744,5212
Dalblair Medical Practice,80077,55.45869402183052,-4.628993426788172,2252
Barns Medical Practice,80081,55.4602894665947,-4.630887483316826,9338
Racecourse Road Medical Group,80096,55.458362407708584,-4.633543608665762,8375
The Cathcart Street Medical Practice,80109,55.46388458443591,-4.632598552681081,7690
The Fullarton Medical Practice,80113,55.4602894665947,-4.630887483316826,8161
Ballantrae Medical Practice,80132,55.10119013750934,-5.003737745158704,1562
Beith Health Centre GP Practice,80147,55.75181292032829,-4.632809454823456,5929
Crosshouse Medical Practice,80166,55.6119344208016,-4.546821823556733,3833
Tanyard Medical Practice,80171,55.453057062009755,-4.26548379021912,13690
Dailly Medical Practice,80185,55.276207494952196,-4.725202815432766,1352
Dalmellington Medical Practice,80202,55.32297280043716,-4.397455335422391,3517
Dalry Medical Practice,80217,55.70682543123165,-4.721983329965836,6128
Dundonald Medical Practice,80255,55.5768347600194,-4.592470440413899,5440
Galston Medical Practice,80260,55.600281486156256,-4.377798379763815,6096
Girvan Riverside Medical Practice,80274,55.2482980696763,-4.8458121310923365,4278
Dr McCulloch & Partners,80289,55.2482980696763,-4.8458121310923365,3725
Bourtreehill Medical Practice,80306,55.61928293377938,-4.63343017345081,9112
Eglinton Family Practice,80330,55.63120167565955,-4.673797834737648,6108
Townhead Surgery,80344,55.614160749053276,-4.662884618687329,12184
Kilbirnie Medical Practice,80363,55.74726656559916,-4.684604205572655,7601
Marnock Medical Group,80378,55.60938489596146,-4.4888804718643,17358
Holmhead Medical Practice,80397,55.60843562973442,-4.503271831090466,10941
The Wards Medical Centre,80400,55.60579959619763,-4.500293130330998,11857
The Surgery,80414,55.60865410007898,-4.502698161559584,8727
Carrick Medical Practice,80467,55.354705905343216,-4.680336846634054,3482
Maybole Medical Practice,80491,55.354705905343216,-4.680336846634054,4038
Valley Medical Practice,80518,55.39352863638376,-4.178593546657807,3811
Riverside Medical Practice,80522,55.36074819358281,-4.499649646578668,4087
Station Road Medical Practice,80537,55.50133563443871,-4.611657764872979,10373
Kirkhall Surgery,80541,55.50231002515126,-4.607699322616936,6904
Saltcoats Group Practice,80556,55.63486273714579,-4.782784142228754,10448
Dr Rai's Practice,80561,55.86793164208688,-4.8841120377913105,4098
Stewarton Medical Practice,80594,55.681200171419356,-4.511849809503868,10750
Templehill Surgery,80607,55.544217829322285,-4.665857600292196,10873
Portland Surgery Troon,80611,55.54497558534829,-4.664085481859308,7302
Cumbrae Medical Practice,80679,55.75376325802407,-4.925605064922302,1191
Frew Terrace Surgery,80698,55.62667408478529,-4.662907339380577,11431
Stevenston Group Practice,80701,55.640659579515194,-4.755394863084661,4606
Taiglum Medical Practice,80720,55.43417159174105,-4.459956864369329,8917
Ballochmyle Medical Group,80749,55.50284838663024,-4.330077272843926,8755
Kilwinning Medical Practice,80753,55.65291906857924,-4.699334845125834,12262
Oxenward Surgery,80768,55.6538543662089,-4.700544047027557,4399
Auchinleck Surgery,80772,55.47055277831619,-4.293309761662118,2903
Loudoun Medical Practice,80787,55.610095139720755,-4.2891425390719675,7300
Bankfield Medical Practice,80842,55.443176537478884,-4.605931024738451,6336
Largs Medical Group,80857,55.79806025569021,-4.86526401699582,13356
Challenging Behaviour Service,80861,55.4341885372965,-4.591883261729087,36
Portland Medical Practice,80908,55.60789099179768,-4.502649538721039,10491
Arran Medical Group,80927,55.52592498899343,-5.133064209189748,5048
Ayrshire Medical Group,81012,55.640659579515194,-4.755394863084661,12453
Dr Lorna M Macgregor & Partner,84006,56.55507274979237,-5.404478665953022,811
"Drs Lazarus, Norrie, Villalba Munoz, Anderson, McGovern, Toledo Ravelo, Cook, Terry & Bartos",84030,55.422129720381825,-5.604422047728147,6090
Dr Malcolm R Elder,84063,55.58641603851914,-5.493159759576343,577
Dr C O'Neill,84097,56.623571427312626,-6.526540782036827,174
Scalasaig Medical Practice,84129,56.07105456027094,-6.188591860266689,140
Taynuilt Medical Practice,84191,56.45445974242258,-5.38679367567217,5210
"Drs Hall, Brennan & McLaughlin",84237,55.95206030988602,-4.926821193083069,4222
Church Street Surgery,84241,55.95045149578015,-4.925289723813365,4086
Cowal Medical Practice,84256,55.95206030988602,-4.926821193083069,2885
Easdale Medical Practice,84275,56.30348013253457,-5.593277658699961,1048
The Furnace/Inveraray Surgery,84307,56.1550280894648,-5.1827324565851525,1184
Bowmore Medical Practice,84331,55.75585963821432,-6.278215170172904,1247
Port Ellen Surgery,84345,55.63049012396923,-6.187152159490253,1309
The Rhinns Medical Centre,84350,55.74317714766605,-6.378118264914015,770
Jura Medical Practice,84383,55.8492269341992,-5.94618374980362,265
Lochgilphead Medical Centre,84415,56.04045406388526,-5.421833152123649,6672
Dr P M R Von Kaehne,84449,56.17097718546198,-4.899392520550938,520
Mull & Iona Medical Group,84538,56.620121273084095,-6.074316338015459,3486
Lorn Medical Centre,84581,56.40942767040608,-5.467886616453289,11182
The Bute Practice,84646,55.83076584743435,-5.0545934695028345,6324
Dr Robert S B Coull,84684,56.17509627796284,-5.080935727146282,961
Dr Tittmar and Partner,84716,56.00033281010562,-4.950766594671427,1537
Tarbert Medical Practice,84740,55.86363422746784,-5.4168404685014195,1759
Dr A MacGregor & Dr N Hallum,84773,55.90012562001951,-5.240290853248497,1131
Tiree Medical Practice,84805,56.494938061468,-6.84288421173513,756
Kintyre Medical Group,84810,55.600948183415674,-5.683165369441267,1168
Dr David F Troup & Partner,85009,56.19427446822644,-4.746909920104626,1114
Alcluith Practice,85032,55.94626700337741,-4.5727072234330075,2548
The Riverbank Practice,85047,55.94626700337741,-4.5727072234330075,5584
Levenside Medical Practice,85066,55.94626700337741,-4.5727072234330075,8343
Dr K N Lynn & Dr J M Mcdevitt,85071,55.94626700337741,-4.5727072234330075,3461
Dr Stephen H Dunn & Partners,85090,55.94626700337741,-4.5727072234330075,4403
Garelochhead Medical Centre,85117,56.08394693729266,-4.832780243507233,1868
Millig Practice,85141,56.00440184673576,-4.728938392897988,9422
Dr McLachlan & Partners,85155,56.00440184673576,-4.728938392897988,9034
Kilcreggan Medical Practice,85193,55.98495226815297,-4.81900624088044,2444
The Lennox Practice,85225,55.99316669230365,-4.590578869800473,4810
Loch Lomond Surgery,85230,55.98720483041514,-4.577816010151165,7783
Inchcruin Practice,85259,55.9935237796482,-4.583417338312829,3621
Oak View Medical Practice,85403,55.9935237796482,-4.583417338312829,9308
Gourock Medical Practice,86001,55.96134196001828,-4.815205038192201,8120
Ardgowan Medical Practice,86177,55.94900123401431,-4.766709116067478,9285
Mount Pleasant Practice,86181,55.9464173710329,-4.768078718328931,6098
"Drs Simpson, Luty & Ormond",86196,55.89299883234311,-4.624546362668852,2896
The New Surgery,86209,55.893438230011654,-4.6267037388038785,3546
"Dr Hogan, Allen & Quinn",86228,55.9440614883675,-4.759292174296786,2884
The Health Centre,86271,55.93451793640775,-4.684719482274735,3904
Drs Macdonald & Mitchell,86285,55.93451793640775,-4.684719482274735,3842
Newark Medical Practice,86321,55.93451793640775,-4.684719482274735,3961
Port Glasgow Medical Centre,86336,55.92462621044012,-4.662516628802362,5099
The Roxburgh Practice,86341,55.9464173710329,-4.768078718328931,5463
Lochview Medical Practice,86360,55.9440614883675,-4.759292174296786,10198
Cochrane Medical Practice,86374,55.9440614883675,-4.759292174296786,14584
Gleniffer Medical Group,87019,55.801945109726645,-4.388244900995884,8988
Neilston Medical Practice,87023,55.78392903585733,-4.423256960118111,4101
The Oaks Medical Practice,87108,55.801945109726645,-4.388244900995884,3988
Bishopton Medical Practice,87112,55.90451944114685,-4.499933159328479,10311
Strathgryffe Medical Practice,87146,55.871426516066336,-4.539198875349668,10503
Levern Medical Group,87165,55.801945109726645,-4.388244900995884,8319
"Drs Macpherson, Hanley,Tobin & Al-Ani",87184,55.89972361808126,-4.442409977320644,8889
Bridgewater Medical Centre,87235,55.90516500823616,-4.447232599825645,2029
Ludovic Medical Practice,87292,55.834216415637385,-4.512685110352342,7656
Quarryside Medical Practice,87305,55.833529270278916,-4.513758857962087,4405
Ravenswood Surgery,87324,55.8365226640873,-4.516396074157349,6581
"Drs Howie, Smith & Dobbs",87339,55.837546531730304,-4.513363237741918,5456
Dr Cassidy & Partners,87343,55.833529270278916,-4.513758857962087,4050
Dr Richmond & Partners,87409,55.84816565734597,-4.488019849143201,5667
Mistylaw Medical Practice,87432,55.79415288938837,-4.629491526855792,4684
The Charleston Surgery,87466,55.83795550207362,-4.422208995202181,7108
Anchor Mill Medical Practice,87471,55.84153760647106,-4.420610628901212,8893
Tannahill Surgery,87485,55.849244278094275,-4.452216324256446,3288
King Street Surgery,87490,55.84454058130484,-4.43832379509047,9576
The Consulting Rooms,87502,55.83753403108855,-4.422614072605517,7330
Glenburn Medical Practice,87517,55.8234427474347,-4.430184938165766,3347
The Kelburn Practice,87521,55.84867288948083,-4.418881257311711,4345
The Greenlaw Practice,87541,55.84867288948083,-4.418881257311711,7549
The Mirin Practice,87555,55.84732619398072,-4.413764568696387,9109
The Love Street Medical Centre,87560,55.850335822847015,-4.424816956340564,5639
The Barony Practice,87606,55.84867288948083,-4.418881257311711,6162
Abbey Medical Centre,87625,55.840677014215196,-4.416834934412032,11096
Braehead Medical Practice,87697,55.88146174959545,-4.382620588472137,7736
Clydeview Medical Practice,87700,55.88146174959545,-4.382620588472137,9545
Kingsinch Medical Practice,87714,55.88146174959545,-4.382620588472137,6803
Westfield Medical Practice,87729,55.833529270278916,-4.513758857962087,4860
Bargarran Medical Practice,87733,55.908436004360084,-4.463953927198769,4156
The Group Practice,90031,58.21269992554048,-6.372216964689128,8068
North Harris Medical Practice,90098,57.902431991983725,-6.813183952818534,1271
South Harris Medical Practice,90101,57.76798708266905,-7.0149465363409265,565
North Uist Medical Practice,90115,57.60530697952908,-7.16195314134447,1403
Benbecula Medical Practice,90120,57.443106362740615,-7.357531218278631,2322
South Uist Medical Practice,90134,57.16536197960688,-7.371273841077312,1011
Barra Medical Practice,90149,56.955868899283935,-7.486842620724858,1279
Broadbay Medical Practice,90172,58.20915530906714,-6.385072500380825,5877
Langabhat Medical Practice,90204,58.152186030243655,-6.501557611307779,5263
