"ZE1 0AA",10,"N",1,1,0,1,0,1,0,447759,1141280,"S92000003","","S08000026","","S12000027","S13002777","L"
"ZE1 0AB",10,"N",20,20,14,6,0,20,0,447819,1141255,"S92000003","","S08000026","","S12000027","S13003153","S"
"ZE1 0AD",10,"Y",1,1,0,0,1,1,0,447759,1141280,"S92000003","","S08000026","","S12000027","S13002777","L"
"ZE1 0AE",10,"N",7,7,6,1,0,7,0,447793,1141217,"S92000003","","S08000026","","S12000027","S13002777","S"
"ZE1 0AF",10,"N",14,14,13,1,0,14,0,447974,1141186,"S92000003","","S08000026","","S12000027","S13003153","S"
"ZE1 0AG",10,"N",17,17,17,0,0,17,0,447867,1141189,"S92000003","","S08000026","","S12000027","S13003153","S"
"ZE1 0AH",10,"N",11,11,11,0,0,11,0,447973,1141088,"S92000003","","S08000026","","S12000027","S13003153","S"
"ZE1 0AJ",10,"N",1,1,0,1,0,1,0,447782,1141262,"S92000003","","S08000026","","S12000027","S13002777","L"
"ZE1 0AL",10,"N",9,9,9,0,0,9,0,447818,1141182,"S92000003","","S08000026","","S12000027","S13003153","S"
"ZE1 0AN",10,"N",17,17,15,2,0,17,0,447966,1141213,"S92000003","","S08000026","","S12000027","S13003153","S"
"ZE1 0AP",10,"N",21,21,21,0,0,21,0,448026,1141139,"S92000003","","S08000026","","S12000027","S13003153","S"
"ZE1 0AQ",10,"N",14,14,13,1,0,14,0,447830,1141090,"S92000003","","S08000026","","S12000027","S13003153","S"
"ZE1 0AR",10,"N",11,11,11,0,0,11,0,447811,1141051,"S92000003","","S08000026","","S12000027","S13003153","S"
"ZE1 0AS",10,"N",7,7,7,0,0,7,0,447851,1140983,"S92000003","","S08000026","","S12000027","S13003153","S"
"ZE1 0AT",10,"N",32,32,32,0,0,32,0,447691,1140987,"S92000003","","S08000026","","S12000027","S13003153","S"
"ZE1 0AU",10,"N",8,8,8,0,0,8,0,447935,1141182,"S92000003","","S08000026","","S12000027","S13003153","S"
"ZE1 0AW",10,"N",3,2,3,0,0,2,1,447988,1141149,"S92000003","","S08000026","","S12000027","S13003153","S"
"ZE1 0AX",10,"N",13,13,11,2,0,13,0,447844,1140861,"S92000003","","S08000026","","S12000027","S13003153","S"
"ZE1 0AZ",10,"N",8,8,8,0,0,8,0,447556,1141655,"S92000003","","S08000026","","S12000027","S13002777","S"
"ZE1 0BA",10,"N",16,15,12,4,0,15,1,447984,1141037,"S92000003","","S08000026","","S12000027","S13003153","S"
"ZE1 0BB",10,"N",45,45,45,0,0,45,0,448179,1140875,"S92000003","","S08000026","","S12000027","S13003153","S"
"ZE1 0BD",10,"N",12,12,4,8,0,12,0,447729,1141262,"S92000003","","S08000026","","S12000027","S13002777","S"
"ZE1 0BE",10,"N",6,6,6,0,0,6,0,447711,1141124,"S92000003","","S08000026","","S12000027","S13002777","S"
"ZE1 0BF",10,"N",8,8,7,1,0,8,0,447769,1141219,"S92000003","","S08000026","","S12000027","S13002777","S"
"ZE1 0BG",10,"N",9,9,9,0,0,9,0,448103,1141114,"S92000003","","S08000026","","S12000027","S13003153","S"
"ZE1 0BH",10,"N",3,3,3,0,0,3,0,448031,1141020,"S92000003","","S08000026","","S12000027","S13003153","S"
"ZE1 0BJ",10,"N",26,26,17,9,0,26,0,447681,1141212,"S92000003","","S08000026","","S12000027","S13002777","S"
"ZE1 0BL",10,"N",16,16,16,0,0,16,0,447689,1141193,"S92000003","","S08000026","","S12000027","S13002777","S"
"ZE1 0BN",10,"N",10,10,10,0,0,10,0,447647,1141133,"S92000003","","S08000026","","S12000027","S13002777","S"
"ZE1 0BP",10,"N",11,11,11,0,0,11,0,447746,1141066,"S92000003","","S08000026","","S12000027","S13003153","S"
"ZE1 0BQ",10,"N",28,28,28,0,0,28,0,447619,1140999,"S92000003","","S08000026","","S12000027","S13003153","S"
"ZE1 0BR",10,"N",18,18,18,0,0,18,0,447607,1141116,"S92000003","","S08000026","","S12000027","S13002777","S"
"ZE1 0BS",10,"N",8,8,7,1,0,8,0,447621,1141163,"S92000003","","S08000026","","S12000027","S13002777","S"
"ZE1 0BT",10,"N",3,3,3,0,0,3,0,447526,1141098,"S92000003","","S08000026","","S12000027","S13003153","S"
"ZE1 0BU",10,"N",2,2,2,0,0,2,0,447709,1141087,"S92000003","","S08000026","","S12000027","S13003153","S"
"ZE1 0BW",10,"N",10,10,10,0,0,10,0,447679,1141078,"S92000003","","S08000026","","S12000027","S13003153","S"
"ZE1 0BX",10,"N",22,22,22,0,0,22,0,447519,1141030,"S92000003","","S08000026","","S12000027","S13003153","S"
"ZE1 0BY",10,"N",11,11,11,0,0,11,0,447727,1141189,"S92000003","","S08000026","","S12000027","S13002777","S"
"ZE1 0BZ",10,"N",12,12,12,0,0,12,0,447728,1141165,"S92000003","","S08000026","","S12000027","S13002777","S"
"ZE1 0DA",10,"N",12,12,12,0,0,12,0,447455,1141151,"S92000003","","S08000026","","S12000027","S13002777","S"
"ZE1 0DB",10,"N",10,10,10,0,0,10,0,447486,1140960,"S92000003","","S08000026","","S12000027","S13003153","S"
"ZE1 0DD",10,"N",12,12,12,0,0,12,0,447365,1141035,"S92000003","","S08000026","","S12000027","S13003153","S"
"ZE1 0DE",10,"N",15,11,0,15,0,11,4,447005,1141805,"S92000003","","S08000026","","S12000027","S13002777","S"
"ZE1 0DG",10,"N",9,8,0,9,0,8,1,446250,1142971,"S92000003","","S08000026","","S12000027","S13002777","S"
"ZE1 0DH",10,"N",10,10,10,0,0,10,0,446053,1140393,"S92000003","","S08000026","","S12000027","S13003153","S"
"ZE1 0DJ",10,"N",24,24,24,0,0,24,0,447445,1141050,"S92000003","","S08000026","","S12000027","S13003153","S"
"ZE1 0DL",10,"N",24,24,7,17,0,24,0,447662,1141312,"S92000003","","S08000026","","S12000027","S13002777","S"
"ZE1 0DP",10,"N",7,7,7,0,0,7,0,447626,1141318,"S92000003","","S08000026","","S12000027","S13002777","S"
"ZE1 0DQ",10,"N",10,10,7,3,0,10,0,447627,1141304,"S92000003","","S08000026","","S12000027","S13002777","S"
"ZE1 0DR",10,"N",3,3,3,0,0,3,0,447574,1141283,"S92000003","","S08000026","","S12000027","S13002777","S"
"ZE1 0DS",10,"N",1,1,0,1,0,1,0,447650,1141301,"S92000003","","S08000026","","S12000027","S13002777","S"
"ZE1 0DT",10,"N",11,11,10,1,0,11,0,447574,1141244,"S92000003","","S08000026","","S12000027","S13002777","S"
"ZE1 0DU",10,"N",19,19,19,0,0,19,0,447746,1140882,"S92000003","","S08000026","","S12000027","S13003153","S"
"ZE1 0DW",10,"N",10,10,8,2,0,10,0,447552,1141314,"S92000003","","S08000026","","S12000027","S13002777","S"
"ZE1 0DX",10,"N",9,9,9,0,0,9,0,447566,1141202,"S92000003","","S08000026","","S12000027","S13002777","S"
"ZE1 0EA",10,"N",5,5,5,0,0,5,0,447606,1141204,"S92000003","","S08000026","","S12000027","S13002777","S"
"ZE1 0EB",10,"N",13,13,12,1,0,13,0,447634,1141246,"S92000003","","S08000026","","S12000027","S13002777","S"
"ZE1 0ED",10,"N",3,3,2,1,0,3,0,447505,1141230,"S92000003","","S08000026","","S12000027","S13002777","S"
"ZE1 0EE",10,"N",6,6,6,0,0,6,0,447879,1140907,"S92000003","","S08000026","","S12000027","S13003153","S"
"ZE1 0EF",10,"N",7,7,6,1,0,7,0,446234,1140344,"S92000003","","S08000026","","S12000027","S13003153","S"
"ZE1 0EG",10,"N",5,5,5,0,0,5,0,447516,1141329,"S92000003","","S08000026","","S12000027","S13002777","S"
"ZE1 0EH",10,"N",1,1,0,1,0,1,0,447759,1141280,"S92000003","","S08000026","","S12000027","S13002777","L"
"ZE1 0EJ",10,"N",22,21,21,1,0,21,1,447549,1141255,"S92000003","","S08000026","","S12000027","S13002777","S"
"ZE1 0EL",10,"N",3,3,2,1,0,3,0,447483,1141286,"S92000003","","S08000026","","S12000027","S13002777","S"
"ZE1 0EN",10,"N",28,28,28,0,0,28,0,447451,1141291,"S92000003","","S08000026","","S12000027","S13002777","S"
"ZE1 0EP",10,"N",6,6,6,0,0,6,0,447431,1141186,"S92000003","","S08000026","","S12000027","S13002777","S"
"ZE1 0EQ",10,"N",41,23,38,3,0,23,18,447386,1141246,"S92000003","","S08000026","","S12000027","S13002777","S"
"ZE1 0ER",10,"N",49,49,49,0,0,49,0,447259,1141547,"S92000003","","S08000026","","S12000027","S13002777","S"
"ZE1 0ES",10,"N",50,50,49,1,0,50,0,447328,1141610,"S92000003","","S08000026","","S12000027","S13002777","S"
"ZE1 0ET",10,"N",24,24,24,0,0,24,0,447312,1141275,"S92000003","","S08000026","","S12000027","S13002777","S"
"ZE1 0EU",10,"N",17,17,17,0,0,17,0,447408,1141463,"S92000003","","S08000026","","S12000027","S13002777","S"
"ZE1 0EW",10,"N",6,6,6,0,0,6,0,447302,1141621,"S92000003","","S08000026","","S12000027","S13002777","S"
"ZE1 0EX",10,"N",23,23,7,16,0,23,0,447630,1141378,"S92000003","","S08000026","","S12000027","S13002777","S"
"ZE1 0EY",10,"N",5,5,5,0,0,5,0,445893,1140317,"S92000003","","S08000026","","S12000027","S13003153","S"
"ZE1 0EZ",10,"N",3,3,2,1,0,3,0,447622,1141378,"S92000003","","S08000026","","S12000027","S13002777","S"
"ZE1 0FB",10,"N",9,9,9,0,0,9,0,446482,1142467,"S92000003","","S08000026","","S12000027","S13002777","S"
"ZE1 0FD",10,"N",5,5,3,2,0,5,0,447748,1141123,"S92000003","","S08000026","","S12000027","S13002777","S"
"ZE1 0FE",10,"N",4,4,4,0,0,4,0,447717,1141255,"S92000003","","S08000026","","S12000027","S13002777","S"
"ZE1 0FG",10,"N",2,2,2,0,0,2,0,446135,1142085,"S92000003","","S08000026","","S12000027","S13002777","S"
"ZE1 0FL",10,"N",8,8,8,0,0,8,0,447844,1141176,"S92000003","","S08000026","","S12000027","S13003153","S"
"ZE1 0FN",10,"N",2,2,2,0,0,2,0,447858,1141208,"S92000003","","S08000026","","S12000027","S13003153","S"
"ZE1 0GA",10,"N",7,7,7,0,0,7,0,446050,1140846,"S92000003","","S08000026","","S12000027","S13003153","S"
"ZE1 0GB",10,"N",11,11,11,0,0,11,0,446122,1140918,"S92000003","","S08000026","","S12000027","S13003153","S"
"ZE1 0GD",10,"N",7,7,7,0,0,7,0,446252,1140866,"S92000003","","S08000026","","S12000027","S13003153","S"
"ZE1 0GE",10,"N",3,3,3,0,0,3,0,446061,1140729,"S92000003","","S08000026","","S12000027","S13003153","S"
"ZE1 0GF",10,"N",10,10,10,0,0,10,0,446589,1140519,"S92000003","","S08000026","","S12000027","S13003153","S"
"ZE1 0GG",10,"N",2,2,2,0,0,2,0,447714,1141224,"S92000003","","S08000026","","S12000027","S13002777","S"
"ZE1 0GH",10,"N",2,2,2,0,0,2,0,447744,1141199,"S92000003","","S08000026","","S12000027","S13002777","S"
"ZE1 0GJ",10,"N",4,4,4,0,0,4,0,447683,1141163,"S92000003","","S08000026","","S12000027","S13002777","S"
"ZE1 0GN",10,"N",6,6,6,0,0,6,0,447618,1141143,"S92000003","","S08000026","","S12000027","S13002777","S"
"ZE1 0GQ",10,"N",11,11,10,1,0,11,0,447570,1141043,"S92000003","","S08000026","","S12000027","S13003153","S"
"ZE1 0GR",10,"N",2,2,0,2,0,2,0,446470,1141381,"S92000003","","S08000026","","S12000027","S13003153","S"
"ZE1 0GS",10,"N",18,18,18,0,0,18,0,445813,1141923,"S92000003","","S08000026","","S12000027","S13002777","S"
"ZE1 0GT",10,"N",31,31,31,0,0,31,0,445935,1141835,"S92000003","","S08000026","","S12000027","S13002777","S"
"ZE1 0GU",10,"N",10,10,10,0,0,10,0,445859,1141853,"S92000003","","S08000026","","S12000027","S13002777","S"
"ZE1 0GY",10,"N",10,10,10,0,0,10,0,447156,1141018,"S92000003","","S08000026","","S12000027","S13003153","S"
"ZE1 0GZ",10,"N",3,3,3,0,0,3,0,447533,1141622,"S92000003","","S08000026","","S12000027","S13002777","S"
"ZE1 0HA",10,"N",5,5,4,1,0,5,0,447534,1141399,"S92000003","","S08000026","","S12000027","S13002777","S"
"ZE1 0HB",10,"N",4,4,0,4,0,4,0,447490,1141413,"S92000003","","S08000026","","S12000027","S13002777","S"
"ZE1 0HD",10,"N",2,2,0,2,0,2,0,447453,1141469,"S92000003","","S08000026","","S12000027","S13002777","S"
"ZE1 0HE",10,"N",10,10,10,0,0,10,0,447573,1141412,"S92000003","","S08000026","","S12000027","S13002777","S"
"ZE1 0HF",10,"N",1,1,0,1,0,1,0,447532,1141697,"S92000003","","S08000026","","S12000027","S13002777","L"
"ZE1 0HG",10,"N",19,19,19,0,0,19,0,447009,1141349,"S92000003","","S08000026","","S12000027","S13003153","S"
"ZE1 0HH",10,"N",37,37,37,0,0,37,0,446133,1142184,"S92000003","","S08000026","","S12000027","S13002777","S"
"ZE1 0HJ",10,"N",57,57,53,4,0,57,0,447197,1141632,"S92000003","","S08000026","","S12000027","S13002777","S"
"ZE1 0HL",10,"N",38,38,37,1,0,38,0,447090,1141566,"S92000003","","S08000026","","S12000027","S13002777","S"
"ZE1 0HN",10,"N",37,37,37,0,0,37,0,446949,1141489,"S92000003","","S08000026","","S12000027","S13002777","S"
"ZE1 0HP",10,"N",20,20,20,0,0,20,0,446879,1141538,"S92000003","","S08000026","","S12000027","S13002777","S"
"ZE1 0HQ",10,"N",36,36,36,0,0,36,0,446882,1141609,"S92000003","","S08000026","","S12000027","S13002777","S"
"ZE1 0HR",10,"N",20,20,20,0,0,20,0,446845,1141466,"S92000003","","S08000026","","S12000027","S13002777","S"
"ZE1 0HS",10,"N",38,38,38,0,0,38,0,446867,1141429,"S92000003","","S08000026","","S12000027","S13002777","S"
"ZE1 0HT",10,"N",8,8,8,0,0,8,0,446855,1141666,"S92000003","","S08000026","","S12000027","S13002777","S"
"ZE1 0HU",10,"N",4,4,4,0,0,4,0,446923,1141386,"S92000003","","S08000026","","S12000027","S13002777","S"
"ZE1 0HW",10,"N",8,8,8,0,0,8,0,447114,1141601,"S92000003","","S08000026","","S12000027","S13002777","S"
"ZE1 0HX",10,"N",13,13,3,10,0,13,0,447618,1141446,"S92000003","","S08000026","","S12000027","S13002777","S"
"ZE1 0HY",10,"N",2,2,0,2,0,2,0,447644,1141529,"S92000003","","S08000026","","S12000027","S13002777","S"
"ZE1 0JB",10,"N",2,2,2,0,0,2,0,447498,1141445,"S92000003","","S08000026","","S12000027","S13002777","S"
"ZE1 0JD",10,"N",2,2,2,0,0,2,0,447583,1141437,"S92000003","","S08000026","","S12000027","S13002777","S"
"ZE1 0JE",10,"N",5,5,5,0,0,5,0,447510,1141461,"S92000003","","S08000026","","S12000027","S13002777","S"
"ZE1 0JF",10,"N",22,22,22,0,0,22,0,445311,1139750,"S92000003","","S08000026","","S12000027","S13003153","S"
"ZE1 0JL",10,"N",15,15,11,4,0,15,0,447582,1141442,"S92000003","","S08000026","","S12000027","S13002777","S"
"ZE1 0JN",10,"N",22,22,12,10,0,22,0,447503,1141534,"S92000003","","S08000026","","S12000027","S13002777","S"
"ZE1 0JP",10,"N",33,33,19,14,0,33,0,447438,1141634,"S92000003","","S08000026","","S12000027","S13002777","S"
"ZE1 0JS",10,"N",18,16,18,0,0,16,2,447420,1141555,"S92000003","","S08000026","","S12000027","S13002777","S"
"ZE1 0JT",10,"N",45,45,44,1,0,45,0,447374,1141646,"S92000003","","S08000026","","S12000027","S13002777","S"
"ZE1 0JX",10,"N",2,2,2,0,0,2,0,447257,1141553,"S92000003","","S08000026","","S12000027","S13002777","S"
"ZE1 0JZ",10,"N",4,4,4,0,0,4,0,445663,1140268,"S92000003","","S08000026","","S12000027","S13003153","S"
"ZE1 0LA",10,"N",27,27,21,6,0,27,0,447239,1141408,"S92000003","","S08000026","","S12000027","S13002777","S"
"ZE1 0LB",10,"N",18,18,18,0,0,18,0,447228,1141210,"S92000003","","S08000026","","S12000027","S13003153","S"
"ZE1 0LD",10,"N",14,14,13,1,0,14,0,447332,1141102,"S92000003","","S08000026","","S12000027","S13003153","S"
"ZE1 0LE",10,"N",9,9,9,0,0,9,0,447277,1141219,"S92000003","","S08000026","","S12000027","S13002777","S"
"ZE1 0LF",10,"N",2,2,2,0,0,2,0,447167,1141385,"S92000003","","S08000026","","S12000027","S13003153","S"
"ZE1 0LJ",10,"N",8,8,8,0,0,8,0,447303,1141073,"S92000003","","S08000026","","S12000027","S13003153","S"
"ZE1 0LL",10,"N",40,40,7,33,0,40,0,447657,1141488,"S92000003","","S08000026","","S12000027","S13002777","S"
"ZE1 0LN",10,"N",6,6,6,0,0,6,0,447258,1141044,"S92000003","","S08000026","","S12000027","S13003153","S"
"ZE1 0LP",10,"N",7,7,7,0,0,7,0,445721,1140421,"S92000003","","S08000026","","S12000027","S13003153","S"
"ZE1 0LQ",10,"N",1,1,0,1,0,1,0,447521,1141703,"S92000003","","S08000026","","S12000027","S13002777","L"
"ZE1 0LR",10,"N",22,22,13,9,0,22,0,447560,1141595,"S92000003","","S08000026","","S12000027","S13002777","S"
"ZE1 0LU",10,"N",1,1,0,1,0,1,0,447691,1141247,"S92000003","","S08000026","","S12000027","S13002777","L"
"ZE1 0LW",10,"N",16,15,14,2,0,15,1,447502,1141645,"S92000003","","S08000026","","S12000027","S13002777","S"
"ZE1 0LX",10,"N",18,18,5,13,0,18,0,447521,1141703,"S92000003","","S08000026","","S12000027","S13002777","S"
"ZE1 0LY",10,"N",1,1,0,1,0,1,0,446108,1140300,"S92000003","","S08000026","","S12000027","S13003153","S"
"ZE1 0LZ",10,"N",23,23,3,20,0,23,0,447489,1141910,"S92000003","","S08000026","","S12000027","S13002777","S"
"ZE1 0NA",10,"N",12,9,0,12,0,9,3,445502,1142015,"S92000003","","S08000026","","S12000027","S13002777","S"
"ZE1 0ND",10,"N",14,14,14,0,0,14,0,447412,1141793,"S92000003","","S08000026","","S12000027","S13002777","S"
"ZE1 0NE",10,"N",27,27,27,0,0,27,0,446248,1142321,"S92000003","","S08000026","","S12000027","S13002777","S"
"ZE1 0NF",10,"N",24,24,24,0,0,24,0,446073,1142217,"S92000003","","S08000026","","S12000027","S13002777","S"
"ZE1 0NG",10,"N",15,15,15,0,0,15,0,446200,1142266,"S92000003","","S08000026","","S12000027","S13002777","S"
"ZE1 0NH",10,"N",1,1,0,1,0,1,0,447194,1141797,"S92000003","","S08000026","","S12000027","S13002777","S"
"ZE1 0NJ",10,"N",25,25,18,7,0,25,0,447375,1141724,"S92000003","","S08000026","","S12000027","S13002777","S"
"ZE1 0NL",10,"N",28,28,21,7,0,28,0,447251,1141728,"S92000003","","S08000026","","S12000027","S13002777","S"
"ZE1 0NN",10,"N",20,20,20,0,0,20,0,446008,1142097,"S92000003","","S08000026","","S12000027","S13002777","S"
"ZE1 0NP",10,"N",27,27,23,4,0,27,0,447105,1141706,"S92000003","","S08000026","","S12000027","S13002777","S"
"ZE1 0NQ",10,"N",11,11,6,5,0,11,0,447004,1141704,"S92000003","","S08000026","","S12000027","S13002777","S"
"ZE1 0NR",10,"N",8,8,8,0,0,8,0,446979,1141684,"S92000003","","S08000026","","S12000027","S13002777","S"
"ZE1 0NS",10,"N",34,34,34,0,0,34,0,447065,1141618,"S92000003","","S08000026","","S12000027","S13002777","S"
"ZE1 0NT",10,"N",8,8,4,4,0,8,0,446902,1141757,"S92000003","","S08000026","","S12000027","S13002777","S"
"ZE1 0NU",10,"N",36,36,36,0,0,36,0,445935,1141956,"S92000003","","S08000026","","S12000027","S13002777","S"
"ZE1 0NW",10,"N",10,10,10,0,0,10,0,447000,1141270,"S92000003","","S08000026","","S12000027","S13003153","S"
"ZE1 0NX",10,"N",10,10,10,0,0,10,0,446827,1141858,"S92000003","","S08000026","","S12000027","S13002777","S"
"ZE1 0NY",10,"N",9,9,1,8,0,9,0,447084,1141795,"S92000003","","S08000026","","S12000027","S13002777","S"
"ZE1 0NZ",10,"N",12,12,12,0,0,12,0,446081,1142064,"S92000003","","S08000026","","S12000027","S13002777","S"
"ZE1 0PA",10,"N",15,15,15,0,0,15,0,446836,1141745,"S92000003","","S08000026","","S12000027","S13002777","S"
"ZE1 0PB",10,"N",39,39,39,0,0,39,0,446794,1141763,"S92000003","","S08000026","","S12000027","S13002777","S"
"ZE1 0PD",10,"N",20,20,20,0,0,20,0,446788,1141557,"S92000003","","S08000026","","S12000027","S13002777","S"
"ZE1 0PE",10,"N",1,1,0,1,0,1,0,447009,1141751,"S92000003","","S08000026","","S12000027","S13002777","L"
"ZE1 0PF",10,"N",22,22,22,0,0,22,0,446603,1142480,"S92000003","","S08000026","","S12000027","S13002777","S"
"ZE1 0PG",10,"N",23,23,23,0,0,23,0,446669,1142409,"S92000003","","S08000026","","S12000027","S13002777","S"
"ZE1 0PH",10,"N",6,6,6,0,0,6,0,446845,1141993,"S92000003","","S08000026","","S12000027","S13002777","S"
"ZE1 0PJ",10,"N",26,26,24,2,0,26,0,446770,1141282,"S92000003","","S08000026","","S12000027","S13003153","S"
"ZE1 0PL",10,"N",4,4,4,0,0,4,0,446782,1141244,"S92000003","","S08000026","","S12000027","S13003153","S"
"ZE1 0PN",10,"N",8,8,8,0,0,8,0,446752,1141809,"S92000003","","S08000026","","S12000027","S13002777","S"
"ZE1 0PP",10,"N",6,6,6,0,0,6,0,446809,1141924,"S92000003","","S08000026","","S12000027","S13002777","S"
"ZE1 0PQ",10,"N",44,44,42,2,0,44,0,446812,1142077,"S92000003","","S08000026","","S12000027","S13002777","S"
"ZE1 0PR",10,"N",21,21,21,0,0,21,0,446631,1142362,"S92000003","","S08000026","","S12000027","S13002777","S"
"ZE1 0PS",10,"N",1,1,0,1,0,1,0,446456,1142794,"S92000003","","S08000026","","S12000027","S13002777","S"
"ZE1 0PT",10,"N",1,1,1,0,0,1,0,446217,1143168,"S92000003","","S08000026","","S12000027","S13002777","S"
"ZE1 0PU",10,"N",2,1,0,2,0,1,1,447081,1145114,"S92000003","","S08000026","","S12000027","S13002777","S"
"ZE1 0PW",10,"N",21,16,5,16,0,16,5,446585,1142530,"S92000003","","S08000026","","S12000027","S13002777","S"
"ZE1 0PX",10,"N",48,44,4,44,0,44,4,446374,1143058,"S92000003","","S08000026","","S12000027","S13002777","S"
"ZE1 0PY",10,"N",17,6,0,17,0,6,11,446823,1143872,"S92000003","","S08000026","","S12000027","S13002777","S"
"ZE1 0PZ",10,"N",5,4,0,5,0,4,1,445985,1143141,"S92000003","","S08000026","","S12000027","S13002777","S"
"ZE1 0QA",10,"N",12,12,12,0,0,12,0,447094,1141307,"S92000003","","S08000026","","S12000027","S13003153","S"
"ZE1 0QB",10,"N",13,13,13,0,0,13,0,447112,1141181,"S92000003","","S08000026","","S12000027","S13003153","S"
"ZE1 0QD",10,"N",9,9,8,1,0,9,0,446879,1141252,"S92000003","","S08000026","","S12000027","S13003153","S"
"ZE1 0QE",10,"N",20,20,20,0,0,20,0,446448,1142320,"S92000003","","S08000026","","S12000027","S13002777","S"
"ZE1 0QF",10,"N",14,14,14,0,0,14,0,446373,1142305,"S92000003","","S08000026","","S12000027","S13002777","S"
"ZE1 0QG",10,"N",47,47,46,1,0,47,0,446362,1142203,"S92000003","","S08000026","","S12000027","S13002777","S"
"ZE1 0QH",10,"N",36,36,36,0,0,36,0,446208,1142163,"S92000003","","S08000026","","S12000027","S13002777","S"
"ZE1 0QJ",10,"N",25,25,24,1,0,25,0,446994,1141168,"S92000003","","S08000026","","S12000027","S13003153","S"
"ZE1 0QN",10,"N",51,51,51,0,0,51,0,446954,1141161,"S92000003","","S08000026","","S12000027","S13003153","S"
"ZE1 0QQ",10,"N",40,40,40,0,0,40,0,446848,1141194,"S92000003","","S08000026","","S12000027","S13003153","S"
"ZE1 0QR",10,"N",37,37,37,0,0,37,0,446853,1141065,"S92000003","","S08000026","","S12000027","S13003153","S"
"ZE1 0QS",10,"N",33,33,33,0,0,33,0,446864,1140969,"S92000003","","S08000026","","S12000027","S13003153","S"
"ZE1 0QT",10,"N",16,16,16,0,0,16,0,446893,1141092,"S92000003","","S08000026","","S12000027","S13003153","S"
"ZE1 0QW",10,"N",47,47,46,1,0,47,0,446600,1142308,"S92000003","","S08000026","","S12000027","S13002777","S"
"ZE1 0QX",10,"N",17,17,17,0,0,17,0,446883,1140885,"S92000003","","S08000026","","S12000027","S13003153","S"
"ZE1 0QY",10,"N",1,1,0,1,0,1,0,445576,1141958,"S92000003","","S08000026","","S12000027","S13002777","S"
"ZE1 0QZ",10,"N",9,9,9,0,0,9,0,447218,1140996,"S92000003","","S08000026","","S12000027","S13003153","S"
"ZE1 0RA",10,"N",26,26,26,0,0,26,0,446760,1141004,"S92000003","","S08000026","","S12000027","S13003153","S"
"ZE1 0RB",10,"N",25,25,22,3,0,25,0,447106,1141073,"S92000003","","S08000026","","S12000027","S13003153","S"
"ZE1 0RD",10,"N",12,12,10,2,0,12,0,446607,1140687,"S92000003","","S08000026","","S12000027","S13003153","S"
"ZE1 0RE",10,"N",37,37,37,0,0,37,0,446234,1140528,"S92000003","","S08000026","","S12000027","S13003153","S"
"ZE1 0RF",10,"N",13,13,13,0,0,13,0,446175,1140943,"S92000003","","S08000026","","S12000027","S13003153","S"
"ZE1 0RG",10,"N",5,5,5,0,0,5,0,446197,1140774,"S92000003","","S08000026","","S12000027","S13003153","S"
"ZE1 0RH",10,"N",10,10,10,0,0,10,0,446600,1140437,"S92000003","","S08000026","","S12000027","S13003153","S"
"ZE1 0RJ",10,"N",21,21,15,6,0,21,0,446550,1140467,"S92000003","","S08000026","","S12000027","S13003153","S"
"ZE1 0RL",10,"N",23,23,22,1,0,23,0,446442,1140148,"S92000003","","S08000026","","S12000027","S13003153","S"
"ZE1 0RN",10,"N",16,16,16,0,0,16,0,446614,1140024,"S92000003","","S08000026","","S12000027","S13003153","S"
"ZE1 0RP",10,"N",9,9,9,0,0,9,0,446152,1140847,"S92000003","","S08000026","","S12000027","S13003153","S"
"ZE1 0RQ",10,"N",15,15,15,0,0,15,0,445735,1140103,"S92000003","","S08000026","","S12000027","S13003153","S"
"ZE1 0RR",10,"N",27,26,26,1,0,26,1,445326,1139727,"S92000003","","S08000026","","S12000027","S13003153","S"
"ZE1 0RS",10,"N",51,51,51,0,0,51,0,446502,1140483,"S92000003","","S08000026","","S12000027","S13003153","S"
"ZE1 0RT",10,"N",36,36,36,0,0,36,0,446475,1140354,"S92000003","","S08000026","","S12000027","S13003153","S"
"ZE1 0RU",10,"N",16,16,16,0,0,16,0,446442,1140377,"S92000003","","S08000026","","S12000027","S13003153","S"
"ZE1 0RW",10,"N",31,31,31,0,0,31,0,446401,1140429,"S92000003","","S08000026","","S12000027","S13003153","S"
"ZE1 0RX",10,"N",31,31,31,0,0,31,0,446375,1140501,"S92000003","","S08000026","","S12000027","S13003153","S"
"ZE1 0RY",10,"N",28,28,28,0,0,28,0,446442,1140574,"S92000003","","S08000026","","S12000027","S13003153","S"
"ZE1 0RZ",10,"N",12,12,12,0,0,12,0,446187,1140689,"S92000003","","S08000026","","S12000027","S13003153","S"
"ZE1 0SA",10,"N",52,52,52,0,0,52,0,446369,1140270,"S92000003","","S08000026","","S12000027","S13003153","S"
"ZE1 0SB",10,"N",54,54,54,0,0,54,0,446298,1140399,"S92000003","","S08000026","","S12000027","S13003153","S"
"ZE1 0SD",10,"N",21,21,20,1,0,21,0,446210,1140188,"S92000003","","S08000026","","S12000027","S13003153","S"
"ZE1 0SE",10,"N",60,60,60,0,0,60,0,446106,1140560,"S92000003","","S08000026","","S12000027","S13003153","S"
"ZE1 0SF",10,"N",28,28,28,0,0,28,0,445906,1140429,"S92000003","","S08000026","","S12000027","S13003153","S"
"ZE1 0SG",10,"N",29,29,29,0,0,29,0,445803,1140397,"S92000003","","S08000026","","S12000027","S13003153","S"
"ZE1 0SH",10,"N",15,15,15,0,0,15,0,445835,1140179,"S92000003","","S08000026","","S12000027","S13003153","S"
"ZE1 0SJ",10,"N",18,18,18,0,0,18,0,445898,1140192,"S92000003","","S08000026","","S12000027","S13003153","S"
"ZE1 0SL",10,"N",11,11,11,0,0,11,0,445937,1140141,"S92000003","","S08000026","","S12000027","S13003153","S"
"ZE1 0SN",10,"N",7,7,7,0,0,7,0,446014,1140107,"S92000003","","S08000026","","S12000027","S13003153","S"
"ZE1 0SP",10,"N",20,20,20,0,0,20,0,445898,1140063,"S92000003","","S08000026","","S12000027","S13003153","S"
"ZE1 0SQ",10,"N",9,9,9,0,0,9,0,445775,1140167,"S92000003","","S08000026","","S12000027","S13003153","S"
"ZE1 0SR",10,"N",19,19,19,0,0,19,0,445505,1140169,"S92000003","","S08000026","","S12000027","S13003153","S"
"ZE1 0SS",10,"N",26,26,26,0,0,26,0,446268,1140202,"S92000003","","S08000026","","S12000027","S13003153","S"
"ZE1 0ST",10,"N",8,8,8,0,0,8,0,445726,1140335,"S92000003","","S08000026","","S12000027","S13003153","S"
"ZE1 0SU",10,"N",30,30,30,0,0,30,0,445636,1140195,"S92000003","","S08000026","","S12000027","S13003153","S"
"ZE1 0SW",10,"N",1,1,0,1,0,1,0,447461,1141869,"S92000003","","S08000026","","S12000027","S13002777","S"
"ZE1 0SX",10,"N",24,24,24,0,0,24,0,446036,1140179,"S92000003","","S08000026","","S12000027","S13003153","S"
"ZE1 0SY",10,"N",5,5,5,0,0,5,0,446238,1140988,"S92000003","","S08000026","","S12000027","S13003153","S"
"ZE1 0SZ",10,"N",14,14,14,0,0,14,0,446309,1140067,"S92000003","","S08000026","","S12000027","S13003153","S"
"ZE1 0TA",10,"N",5,4,1,4,0,4,1,446402,1142976,"S92000003","","S08000026","","S12000027","S13002777","S"
"ZE1 0TB",10,"N",1,1,0,1,0,1,0,446981,1141029,"S92000003","","S08000026","","S12000027","S13003153","L"
"ZE1 0TE",10,"N",4,4,4,0,0,4,0,440505,1139692,"S92000003","","S08000026","","S12000027","S13003154","S"
"ZE1 0TF",10,"N",4,4,0,4,0,4,0,440526,1139699,"S92000003","","S08000026","","S12000027","S13003154","S"
"ZE1 0TH",10,"N",1,1,1,0,0,1,0,440410,1139332,"S92000003","","S08000026","","S12000027","S13003154","S"
"ZE1 0TJ",10,"N",4,4,4,0,0,4,0,440047,1139451,"S92000003","","S08000026","","S12000027","S13003154","S"
"ZE1 0TL",10,"N",1,1,1,0,0,1,0,440376,1139644,"S92000003","","S08000026","","S12000027","S13003154","S"
"ZE1 0TN",10,"N",8,8,3,5,0,8,0,440457,1139707,"S92000003","","S08000026","","S12000027","S13003154","S"
"ZE1 0TP",10,"N",22,22,21,1,0,22,0,440456,1139443,"S92000003","","S08000026","","S12000027","S13003154","S"
"ZE1 0TQ",10,"N",31,31,25,6,0,31,0,440390,1139254,"S92000003","","S08000026","","S12000027","S13003154","S"
"ZE1 0TR",10,"N",54,53,40,14,0,53,1,440288,1139452,"S92000003","","S08000026","","S12000027","S13003154","S"
"ZE1 0TS",10,"N",12,12,12,0,0,12,0,440398,1139468,"S92000003","","S08000026","","S12000027","S13003154","S"
"ZE1 0TT",10,"N",14,14,14,0,0,14,0,440249,1139680,"S92000003","","S08000026","","S12000027","S13003154","S"
"ZE1 0TU",10,"N",3,3,3,0,0,3,0,440197,1139481,"S92000003","","S08000026","","S12000027","S13003154","S"
"ZE1 0TW",10,"N",4,3,1,3,0,3,1,446329,1142677,"S92000003","","S08000026","","S12000027","S13002777","S"
"ZE1 0TX",10,"N",14,14,14,0,0,14,0,440285,1139595,"S92000003","","S08000026","","S12000027","S13003154","S"
"ZE1 0TZ",10,"N",6,5,0,6,0,5,1,442754,1139418,"S92000003","","S08000026","","S12000027","S13003154","S"
"ZE1 0UA",10,"N",12,10,12,0,0,10,2,440199,1139538,"S92000003","","S08000026","","S12000027","S13003154","S"
"ZE1 0UB",10,"N",13,13,13,0,0,13,0,440193,1139653,"S92000003","","S08000026","","S12000027","S13003154","S"
"ZE1 0UD",10,"N",6,6,6,0,0,6,0,440283,1139730,"S92000003","","S08000026","","S12000027","S13003154","S"
"ZE1 0UE",10,"N",7,7,7,0,0,7,0,440224,1139581,"S92000003","","S08000026","","S12000027","S13003154","S"
"ZE1 0UF",10,"N",4,4,4,0,0,4,0,447663,1141008,"S92000003","","S08000026","","S12000027","S13003153","S"
"ZE1 0UG",10,"N",35,34,32,3,0,34,1,440962,1139647,"S92000003","","S08000026","","S12000027","S13003154","S"
"ZE1 0UH",10,"N",4,4,4,0,0,4,0,440202,1139815,"S92000003","","S08000026","","S12000027","S13003154","S"
"ZE1 0UJ",10,"N",13,13,9,4,0,13,0,440349,1139649,"S92000003","","S08000026","","S12000027","S13003154","S"
"ZE1 0UL",10,"N",8,8,8,0,0,8,0,440433,1140462,"S92000003","","S08000026","","S12000027","S13003154","S"
"ZE1 0UN",10,"N",20,20,17,3,0,20,0,439713,1138966,"S92000003","","S08000026","","S12000027","S13003154","S"
"ZE1 0UP",10,"N",14,14,14,0,0,14,0,440582,1139915,"S92000003","","S08000026","","S12000027","S13003154","S"
"ZE1 0UQ",10,"N",20,18,17,3,0,18,2,441032,1141773,"S92000003","","S08000026","","S12000027","S13003154","S"
"ZE1 0UR",10,"N",24,24,23,1,0,24,0,441117,1139573,"S92000003","","S08000026","","S12000027","S13003154","S"
"ZE1 0US",10,"N",49,48,49,0,0,48,1,440794,1138588,"S92000003","","S08000026","","S12000027","S13003154","S"
"ZE1 0UT",10,"N",34,34,34,0,0,34,0,440143,1139704,"S92000003","","S08000026","","S12000027","S13003154","S"
"ZE1 0UU",10,"N",29,29,29,0,0,29,0,440908,1139462,"S92000003","","S08000026","","S12000027","S13003154","S"
"ZE1 0UW",10,"N",16,16,16,0,0,16,0,439662,1138987,"S92000003","","S08000026","","S12000027","S13003154","S"
"ZE1 0UX",10,"N",41,41,41,0,0,41,0,440067,1139746,"S92000003","","S08000026","","S12000027","S13003154","S"
"ZE1 0UY",10,"N",18,18,18,0,0,18,0,440147,1139625,"S92000003","","S08000026","","S12000027","S13003154","S"
"ZE1 0UZ",10,"N",20,20,20,0,0,20,0,440912,1139751,"S92000003","","S08000026","","S12000027","S13003154","S"
"ZE1 0WH",10,"N",22,22,22,0,0,22,0,445707,1139899,"S92000003","","S08000026","","S12000027","S13003153","S"
"ZE1 0WJ",10,"N",35,35,35,0,0,35,0,445727,1139858,"S92000003","","S08000026","","S12000027","S13003153","S"
"ZE1 0WL",10,"N",7,7,7,0,0,7,0,445679,1139830,"S92000003","","S08000026","","S12000027","S13003153","S"
"ZE1 0WN",10,"N",2,2,2,0,0,2,0,447968,1141201,"S92000003","","S08000026","","S12000027","S13003153","S"
"ZE1 0WP",10,"N",1,1,0,1,0,1,0,447281,1141782,"S92000003","","S08000026","","S12000027","S13002777","S"
"ZE1 0WQ",10,"N",1,1,1,0,0,1,0,447401,1141851,"S92000003","","S08000026","","S12000027","S13002777","S"
"ZE1 0WS",10,"N",22,22,22,0,0,22,0,440920,1139846,"S92000003","","S08000026","","S12000027","S13003154","S"
"ZE1 0WT",10,"N",35,35,35,0,0,35,0,445869,1139923,"S92000003","","S08000026","","S12000027","S13003153","S"
"ZE1 0WU",10,"N",21,21,21,0,0,21,0,446141,1142001,"S92000003","","S08000026","","S12000027","S13002777","S"
"ZE1 0WW",10,"Y",1,1,0,0,1,1,0,447759,1141280,"S92000003","","S08000026","","S12000027","S13002777","L"
"ZE1 0WX",10,"N",16,16,16,0,0,16,0,446882,1141861,"S92000003","","S08000026","","S12000027","S13002777","S"
"ZE1 0WY",10,"N",35,35,35,0,0,35,0,445767,1139952,"S92000003","","S08000026","","S12000027","S13003153","S"
"ZE1 0WZ",10,"N",5,5,1,4,0,5,0,446623,1140407,"S92000003","","S08000026","","S12000027","S13003153","S"
"ZE1 0XA",10,"N",23,23,23,0,0,23,0,440057,1139549,"S92000003","","S08000026","","S12000027","S13003154","S"
"ZE1 0XB",10,"N",13,13,13,0,0,13,0,439965,1139456,"S92000003","","S08000026","","S12000027","S13003154","S"
"ZE1 0XD",10,"N",28,28,27,1,0,28,0,439876,1139432,"S92000003","","S08000026","","S12000027","S13003154","S"
"ZE1 0XG",10,"N",7,7,7,0,0,7,0,439848,1139344,"S92000003","","S08000026","","S12000027","S13003154","S"
"ZE1 0XH",10,"N",9,9,9,0,0,9,0,440090,1139498,"S92000003","","S08000026","","S12000027","S13003154","S"
"ZE1 0XJ",10,"N",17,17,16,1,0,17,0,440069,1139442,"S92000003","","S08000026","","S12000027","S13003154","S"
"ZE1 0XL",10,"N",66,66,66,0,0,66,0,439720,1137805,"S92000003","","S08000026","","S12000027","S13003154","S"
"ZE1 0XN",10,"N",2,2,2,0,0,2,0,439375,1140893,"S92000003","","S08000026","","S12000027","S13003154","S"
"ZE1 0XT",10,"N",1,1,1,0,0,1,0,440391,1139341,"S92000003","","S08000026","","S12000027","S13003154","S"
"ZE1 0XU",10,"N",17,17,17,0,0,17,0,447512,1141611,"S92000003","","S08000026","","S12000027","S13002777","S"
"ZE1 0XY",10,"N",1,1,0,1,0,1,0,446837,1143574,"S92000003","","S08000026","","S12000027","S13002777","S"
"ZE1 0YA",10,"N",15,15,15,0,0,15,0,447888,1141004,"S92000003","","S08000026","","S12000027","S13003153","S"
"ZE1 0YB",10,"N",20,20,20,0,0,20,0,448100,1140732,"S92000003","","S08000026","","S12000027","S13003153","S"
"ZE1 0YP",10,"N",7,7,7,0,0,7,0,447606,1141331,"S92000003","","S08000026","","S12000027","S13002777","S"
"ZE1 0ZJ",10,"N",1,1,0,1,0,1,0,446766,1140577,"S92000003","","S08000026","","S12000027","S13003153","S"
"ZE1 9SA",10,"N",1,1,0,1,0,1,0,447500,1141412,"S92000003","","S08000026","","S12000027","S13002777","S"
"ZE1 9SB",10,"N",1,1,0,1,0,1,0,447500,1141412,"S92000003","","S08000026","","S12000027","S13002777","S"
"ZE1 9SD",10,"N",1,1,0,1,0,1,0,447500,1141412,"S92000003","","S08000026","","S12000027","S13002777","S"
"ZE1 9SE",10,"N",1,1,0,1,0,1,0,447490,1141413,"S92000003","","S08000026","","S12000027","S13002777","S"
"ZE1 9SF",10,"N",1,1,0,1,0,1,0,447500,1141412,"S92000003","","S08000026","","S12000027","S13002777","S"
"ZE1 9SG",10,"N",1,1,0,1,0,1,0,447500,1141412,"S92000003","","S08000026","","S12000027","S13002777","S"
"ZE1 9SH",10,"N",1,1,0,1,0,1,0,447500,1141412,"S92000003","","S08000026","","S12000027","S13002777","S"
"ZE1 9SJ",10,"N",1,1,0,1,0,1,0,447500,1141412,"S92000003","","S08000026","","S12000027","S13002777","S"
"ZE1 9SL",10,"N",1,1,0,1,0,1,0,447500,1141412,"S92000003","","S08000026","","S12000027","S13002777","S"
"ZE1 9SN",10,"N",1,1,0,1,0,1,0,447500,1141412,"S92000003","","S08000026","","S12000027","S13002777","S"
"ZE1 9SP",10,"N",1,1,0,1,0,1,0,447500,1141412,"S92000003","","S08000026","","S12000027","S13002777","S"
"ZE1 9SQ",10,"N",1,1,0,1,0,1,0,447500,1141412,"S92000003","","S08000026","","S12000027","S13002777","S"
"ZE1 9SR",10,"N",1,1,0,1,0,1,0,447500,1141412,"S92000003","","S08000026","","S12000027","S13002777","S"
"ZE1 9SS",10,"N",1,1,0,1,0,1,0,447500,1141412,"S92000003","","S08000026","","S12000027","S13002777","S"
"ZE1 9ST",10,"N",1,1,0,1,0,1,0,447500,1141412,"S92000003","","S08000026","","S12000027","S13002777","S"
"ZE1 9SU",10,"N",1,1,0,1,0,1,0,447500,1141412,"S92000003","","S08000026","","S12000027","S13002777","S"
"ZE1 9SW",10,"N",1,1,0,1,0,1,0,447500,1141412,"S92000003","","S08000026","","S12000027","S13002777","S"
"ZE1 9SX",10,"N",1,1,0,1,0,1,0,447500,1141412,"S92000003","","S08000026","","S12000027","S13002777","S"
"ZE1 9SY",10,"N",1,1,0,1,0,1,0,447500,1141412,"S92000003","","S08000026","","S12000027","S13002777","S"
"ZE1 9SZ",10,"N",1,1,0,1,0,1,0,447500,1141412,"S92000003","","S08000026","","S12000027","S13002777","S"
"ZE1 9TA",10,"N",1,1,0,1,0,1,0,447500,1141412,"S92000003","","S08000026","","S12000027","S13002777","S"
"ZE1 9TB",10,"N",1,1,0,1,0,1,0,447500,1141412,"S92000003","","S08000026","","S12000027","S13002777","S"
"ZE1 9ZZ",50,"N",1,0,0,1,0,0,1,447759,1141280,"S92000003","","S08000026","","S12000027","S13002777","L"
"ZE2 9AA",10,"N",72,72,67,5,0,72,0,454065,1162174,"S92000003","","S08000026","","S12000027","S13002772","S"
"ZE2 9AB",10,"N",22,22,21,1,0,22,0,454264,1162315,"S92000003","","S08000026","","S12000027","S13002772","S"
"ZE2 9AD",10,"N",30,29,30,0,0,29,1,454237,1162697,"S92000003","","S08000026","","S12000027","S13002772","S"
"ZE2 9AE",10,"N",50,50,48,2,0,50,0,454372,1163498,"S92000003","","S08000026","","S12000027","S13002772","S"
"ZE2 9AF",10,"N",13,13,13,0,0,13,0,454312,1163262,"S92000003","","S08000026","","S12000027","S13002772","S"
"ZE2 9AG",10,"N",45,45,45,0,0,45,0,454375,1161564,"S92000003","","S08000026","","S12000027","S13002772","S"
"ZE2 9AH",10,"N",19,19,19,0,0,19,0,456079,1162385,"S92000003","","S08000026","","S12000027","S13002772","S"
"ZE2 9AJ",10,"N",29,28,28,1,0,28,1,457832,1164164,"S92000003","","S08000026","","S12000027","S13002772","S"
"ZE2 9AL",10,"N",59,58,56,3,0,58,1,455277,1164571,"S92000003","","S08000026","","S12000027","S13002772","S"
"ZE2 9AN",10,"N",31,31,31,0,0,31,0,456915,1165793,"S92000003","","S08000026","","S12000027","S13002772","S"
"ZE2 9AP",10,"N",24,24,24,0,0,24,0,455286,1164514,"S92000003","","S08000026","","S12000027","S13002772","S"
"ZE2 9AQ",10,"N",33,32,31,2,0,32,1,454771,1162355,"S92000003","","S08000026","","S12000027","S13002772","S"
"ZE2 9AR",10,"N",15,15,14,1,0,15,0,468851,1171739,"S92000003","","S08000026","","S12000027","S13002772","S"
"ZE2 9AS",10,"N",22,21,20,2,0,21,1,468187,1171656,"S92000003","","S08000026","","S12000027","S13002772","S"
"ZE2 9AT",10,"N",5,5,5,0,0,5,0,468425,1171544,"S92000003","","S08000026","","S12000027","S13002772","S"
"ZE2 9AU",10,"N",18,18,18,0,0,18,0,452205,1183931,"S92000003","","S08000026","","S12000027","S13002772","S"
"ZE2 9AW",10,"N",12,12,12,0,0,12,0,458996,1166301,"S92000003","","S08000026","","S12000027","S13002772","S"
"ZE2 9AX",10,"N",36,36,34,2,0,36,0,453374,1186830,"S92000003","","S08000026","","S12000027","S13002772","S"
"ZE2 9AY",10,"N",47,47,44,3,0,47,0,452042,1179837,"S92000003","","S08000026","","S12000027","S13002772","S"
"ZE2 9AZ",10,"N",21,21,21,0,0,21,0,452010,1179468,"S92000003","","S08000026","","S12000027","S13002772","S"
"ZE2 9BA",10,"N",23,23,23,0,0,23,0,450470,1180019,"S92000003","","S08000026","","S12000027","S13002772","S"
"ZE2 9BB",10,"N",6,6,6,0,0,6,0,453834,1204181,"S92000003","","S08000026","","S12000027","S13002772","S"
"ZE2 9BD",10,"N",26,26,23,3,0,26,0,446424,1180079,"S92000003","","S08000026","","S12000027","S13002772","S"
"ZE2 9BE",10,"N",5,5,5,0,0,5,0,447954,1178697,"S92000003","","S08000026","","S12000027","S13002772","S"
"ZE2 9BF",10,"N",1,1,1,0,0,1,0,451601,1190483,"S92000003","","S08000026","","S12000027","S13002772","S"
"ZE2 9BG",10,"N",24,24,24,0,0,24,0,445677,1182697,"S92000003","","S08000026","","S12000027","S13002772","S"
"ZE2 9BH",10,"N",37,35,36,1,0,35,2,445097,1188513,"S92000003","","S08000026","","S12000027","S13002772","S"
"ZE2 9BJ",10,"N",24,23,22,2,0,23,1,450711,1190815,"S92000003","","S08000026","","S12000027","S13002772","S"
"ZE2 9BL",10,"N",17,17,17,0,0,17,0,446939,1193042,"S92000003","","S08000026","","S12000027","S13002772","S"
"ZE2 9BN",10,"N",37,37,31,6,0,37,0,451117,1191244,"S92000003","","S08000026","","S12000027","S13002772","S"
"ZE2 9BP",10,"N",4,4,4,0,0,4,0,451565,1190842,"S92000003","","S08000026","","S12000027","S13002772","S"
"ZE2 9BQ",10,"N",10,10,10,0,0,10,0,454564,1162273,"S92000003","","S08000026","","S12000027","S13002772","S"
"ZE2 9BS",10,"N",15,15,15,0,0,15,0,451512,1190666,"S92000003","","S08000026","","S12000027","S13002772","S"
"ZE2 9BT",10,"N",14,13,12,2,0,13,1,451727,1190714,"S92000003","","S08000026","","S12000027","S13002772","S"
"ZE2 9BU",10,"N",6,6,6,0,0,6,0,453678,1189495,"S92000003","","S08000026","","S12000027","S13002772","S"
"ZE2 9BW",10,"N",9,9,9,0,0,9,0,451590,1190816,"S92000003","","S08000026","","S12000027","S13002772","S"
"ZE2 9BX",10,"N",12,12,10,2,0,12,0,451087,1191204,"S92000003","","S08000026","","S12000027","S13002772","S"
"ZE2 9BY",10,"N",8,8,8,0,0,8,0,435924,1167253,"S92000003","","S08000026","","S12000027","S13002773","S"
"ZE2 9BZ",10,"N",10,10,10,0,0,10,0,453793,1204092,"S92000003","","S08000026","","S12000027","S13002772","S"
"ZE2 9DA",10,"N",35,35,35,0,0,35,0,451547,1192248,"S92000003","","S08000026","","S12000027","S13002772","S"
"ZE2 9DB",10,"N",3,2,3,0,0,2,1,452339,1194415,"S92000003","","S08000026","","S12000027","S13002772","S"
"ZE2 9DD",10,"N",70,69,64,6,0,69,1,453406,1203762,"S92000003","","S08000026","","S12000027","S13002772","S"
"ZE2 9DE",10,"N",10,10,10,0,0,10,0,453703,1203988,"S92000003","","S08000026","","S12000027","S13002772","S"
"ZE2 9DF",10,"N",17,17,17,0,0,17,0,454414,1198681,"S92000003","","S08000026","","S12000027","S13002772","S"
"ZE2 9DG",10,"N",23,23,19,4,0,23,0,452174,1197794,"S92000003","","S08000026","","S12000027","S13002772","S"
"ZE2 9DH",10,"N",12,12,12,0,0,12,0,449392,1140499,"S92000003","","S08000026","","S12000027","S13002777","S"
"ZE2 9DJ",10,"N",64,61,59,5,0,61,3,462721,1190557,"S92000003","","S08000026","","S12000027","S13002772","S"
"ZE2 9DL",10,"N",37,37,35,2,0,37,0,460366,1200957,"S92000003","","S08000026","","S12000027","S13002772","S"
"ZE2 9DN",10,"N",6,6,6,0,0,6,0,459957,1200769,"S92000003","","S08000026","","S12000027","S13002772","S"
"ZE2 9DP",10,"N",4,4,2,2,0,4,0,462184,1208793,"S92000003","","S08000026","","S12000027","S13002772","S"
"ZE2 9DQ",10,"N",1,1,1,0,0,1,0,451545,1198562,"S92000003","","S08000026","","S12000027","S13002772","S"
"ZE2 9DR",10,"N",10,10,10,0,0,10,0,462357,1208950,"S92000003","","S08000026","","S12000027","S13002772","S"
"ZE2 9DS",10,"N",34,32,29,5,0,32,2,463374,1209424,"S92000003","","S08000026","","S12000027","S13002772","S"
"ZE2 9DT",10,"N",19,19,19,0,0,19,0,462810,1208129,"S92000003","","S08000026","","S12000027","S13002772","S"
"ZE2 9DU",10,"N",38,38,38,0,0,38,0,462064,1209439,"S92000003","","S08000026","","S12000027","S13002772","S"
"ZE2 9DW",10,"N",39,36,38,1,0,36,3,458757,1204137,"S92000003","","S08000026","","S12000027","S13002772","S"
"ZE2 9DX",10,"N",9,9,8,1,0,9,0,460868,1208766,"S92000003","","S08000026","","S12000027","S13002772","S"
"ZE2 9DY",10,"N",17,17,14,3,0,17,0,461080,1208925,"S92000003","","S08000026","","S12000027","S13002772","S"
"ZE2 9DZ",10,"N",15,15,15,0,0,15,0,460331,1209758,"S92000003","","S08000026","","S12000027","S13002772","S"
"ZE2 9EA",10,"N",11,11,11,0,0,11,0,462124,1208868,"S92000003","","S08000026","","S12000027","S13002772","S"
"ZE2 9EB",10,"N",11,11,11,0,0,11,0,462008,1208953,"S92000003","","S08000026","","S12000027","S13002772","S"
"ZE2 9ED",10,"N",18,18,16,2,0,18,0,463672,1212474,"S92000003","","S08000026","","S12000027","S13002772","S"
"ZE2 9EE",10,"N",4,4,4,0,0,4,0,463709,1212207,"S92000003","","S08000026","","S12000027","S13002772","S"
"ZE2 9EF",10,"N",39,37,36,3,0,37,2,464677,1213516,"S92000003","","S08000026","","S12000027","S13002772","S"
"ZE2 9EG",10,"N",6,6,6,0,0,6,0,442838,1124325,"S92000003","","S08000026","","S12000027","S13003155","S"
"ZE2 9EH",10,"N",14,14,14,0,0,14,0,459978,1200676,"S92000003","","S08000026","","S12000027","S13002772","S"
"ZE2 9EJ",10,"N",15,15,15,0,0,15,0,464595,1213447,"S92000003","","S08000026","","S12000027","S13002772","S"
"ZE2 9EL",10,"N",38,38,35,3,0,38,0,449170,1141584,"S92000003","","S08000026","","S12000027","S13002777","S"
"ZE2 9EN",10,"N",12,12,12,0,0,12,0,449211,1141441,"S92000003","","S08000026","","S12000027","S13002777","S"
"ZE2 9EP",10,"N",17,16,17,0,0,16,1,449618,1143456,"S92000003","","S08000026","","S12000027","S13002777","S"
"ZE2 9EQ",10,"N",24,23,22,2,0,23,1,461626,1213615,"S92000003","","S08000026","","S12000027","S13002772","S"
"ZE2 9ER",10,"N",64,63,64,0,0,63,1,449323,1139806,"S92000003","","S08000026","","S12000027","S13002777","S"
"ZE2 9ES",10,"N",24,23,24,0,0,23,1,450485,1140759,"S92000003","","S08000026","","S12000027","S13002777","S"
"ZE2 9ET",10,"N",13,13,13,0,0,13,0,449427,1140264,"S92000003","","S08000026","","S12000027","S13002777","S"
"ZE2 9EU",10,"N",6,6,6,0,0,6,0,449494,1140296,"S92000003","","S08000026","","S12000027","S13002777","S"
"ZE2 9EW",10,"N",8,8,7,1,0,8,0,447922,1143069,"S92000003","","S08000026","","S12000027","S13002777","S"
"ZE2 9EX",10,"N",5,5,5,0,0,5,0,443928,1137047,"S92000003","","S08000026","","S12000027","S13003155","S"
"ZE2 9EY",10,"N",79,79,78,1,0,79,0,443062,1135126,"S92000003","","S08000026","","S12000027","S13003155","S"
"ZE2 9EZ",10,"N",29,29,29,0,0,29,0,441315,1135047,"S92000003","","S08000026","","S12000027","S13003155","S"
"ZE2 9FA",10,"N",6,6,6,0,0,6,0,451567,1192367,"S92000003","","S08000026","","S12000027","S13002772","S"
"ZE2 9FB",10,"N",1,1,1,0,0,1,0,454478,1162168,"S92000003","","S08000026","","S12000027","S13002772","S"
"ZE2 9FD",10,"N",16,16,16,0,0,16,0,443888,1138463,"S92000003","","S08000026","","S12000027","S13003155","S"
"ZE2 9FE",10,"N",13,13,13,0,0,13,0,443983,1138453,"S92000003","","S08000026","","S12000027","S13003155","S"
"ZE2 9FG",10,"N",11,11,11,0,0,11,0,444060,1138469,"S92000003","","S08000026","","S12000027","S13003155","S"
"ZE2 9FH",10,"N",2,2,2,0,0,2,0,443579,1145974,"S92000003","","S08000026","","S12000027","S13003154","S"
"ZE2 9FJ",10,"N",46,46,46,0,0,46,0,443490,1145918,"S92000003","","S08000026","","S12000027","S13003154","S"
"ZE2 9FL",10,"N",5,5,5,0,0,5,0,444222,1130704,"S92000003","","S08000026","","S12000027","S13003155","S"
"ZE2 9FN",10,"N",4,4,4,0,0,4,0,443598,1130926,"S92000003","","S08000026","","S12000027","S13003155","S"
"ZE2 9FP",10,"N",4,4,4,0,0,4,0,444189,1130235,"S92000003","","S08000026","","S12000027","S13003155","S"
"ZE2 9FQ",10,"N",2,2,2,0,0,2,0,444049,1130759,"S92000003","","S08000026","","S12000027","S13003155","S"
"ZE2 9FS",10,"N",2,2,2,0,0,2,0,441816,1124848,"S92000003","","S08000026","","S12000027","S13003155","S"
"ZE2 9FT",10,"N",12,12,12,0,0,12,0,442656,1124178,"S92000003","","S08000026","","S12000027","S13003155","S"
"ZE2 9FW",10,"N",1,1,0,1,0,1,0,444176,1128753,"S92000003","","S08000026","","S12000027","S13003155","S"
"ZE2 9FX",10,"N",2,2,2,0,0,2,0,442180,1124026,"S92000003","","S08000026","","S12000027","S13003155","S"
"ZE2 9GA",10,"N",8,8,8,0,0,8,0,438042,1121432,"S92000003","","S08000026","","S12000027","S13003155","S"
"ZE2 9GB",10,"N",16,16,16,0,0,16,0,438418,1114797,"S92000003","","S08000026","","S12000027","S13003155","S"
"ZE2 9GD",10,"N",26,26,26,0,0,26,0,443781,1137891,"S92000003","","S08000026","","S12000027","S13003155","S"
"ZE2 9GE",10,"N",5,5,5,0,0,5,0,443639,1137964,"S92000003","","S08000026","","S12000027","S13003155","S"
"ZE2 9GF",10,"N",11,11,11,0,0,11,0,443694,1138108,"S92000003","","S08000026","","S12000027","S13003155","S"
"ZE2 9GG",10,"N",6,6,6,0,0,6,0,442891,1124264,"S92000003","","S08000026","","S12000027","S13003155","S"
"ZE2 9GJ",10,"N",47,47,44,3,0,47,0,439222,1147353,"S92000003","","S08000026","","S12000027","S13003154","S"
"ZE2 9GL",10,"N",7,7,6,1,0,7,0,439233,1148388,"S92000003","","S08000026","","S12000027","S13003154","S"
"ZE2 9GW",10,"N",1,1,0,1,0,1,0,442496,1145387,"S92000003","","S08000026","","S12000027","S13003154","S"
"ZE2 9GY",10,"N",4,4,4,0,0,4,0,440482,1120074,"S92000003","","S08000026","","S12000027","S13003155","S"
"ZE2 9GZ",10,"N",10,10,10,0,0,10,0,434472,1155814,"S92000003","","S08000026","","S12000027","S13003156","S"
"ZE2 9HA",10,"N",38,38,37,1,0,38,0,443495,1132026,"S92000003","","S08000026","","S12000027","S13003155","S"
"ZE2 9HB",10,"N",52,52,48,4,0,52,0,443088,1129501,"S92000003","","S08000026","","S12000027","S13003155","S"
"ZE2 9HD",10,"N",8,8,8,0,0,8,0,443161,1130098,"S92000003","","S08000026","","S12000027","S13003155","S"
"ZE2 9HE",10,"N",12,12,12,0,0,12,0,443112,1130056,"S92000003","","S08000026","","S12000027","S13003155","S"
"ZE2 9HF",10,"N",78,75,78,0,0,75,3,443157,1128408,"S92000003","","S08000026","","S12000027","S13003155","S"
"ZE2 9HG",10,"N",100,100,99,1,0,100,0,444067,1130017,"S92000003","","S08000026","","S12000027","S13003155","S"
"ZE2 9HH",10,"N",100,99,96,4,0,99,1,442165,1124005,"S92000003","","S08000026","","S12000027","S13003155","S"
"ZE2 9HJ",10,"N",9,9,9,0,0,9,0,442057,1124262,"S92000003","","S08000026","","S12000027","S13003155","S"
"ZE2 9HL",10,"N",59,58,56,3,0,58,1,441563,1123820,"S92000003","","S08000026","","S12000027","S13003155","S"
"ZE2 9HN",10,"N",20,20,19,1,0,20,0,442619,1124629,"S92000003","","S08000026","","S12000027","S13003155","S"
"ZE2 9HP",10,"N",71,71,71,0,0,71,0,443223,1125055,"S92000003","","S08000026","","S12000027","S13003155","S"
"ZE2 9HQ",10,"N",21,21,21,0,0,21,0,443139,1130170,"S92000003","","S08000026","","S12000027","S13003155","S"
"ZE2 9HR",10,"N",1,1,0,1,0,1,0,441671,1123896,"S92000003","","S08000026","","S12000027","S13003155","L"
"ZE2 9HS",10,"N",30,30,30,0,0,30,0,443046,1124719,"S92000003","","S08000026","","S12000027","S13003155","S"
"ZE2 9HT",10,"N",7,7,7,0,0,7,0,442889,1124188,"S92000003","","S08000026","","S12000027","S13003155","S"
"ZE2 9HU",10,"N",9,9,9,0,0,9,0,442249,1124033,"S92000003","","S08000026","","S12000027","S13003155","S"
"ZE2 9HW",10,"N",65,65,62,3,0,65,0,443054,1123906,"S92000003","","S08000026","","S12000027","S13003155","S"
"ZE2 9HX",10,"N",86,86,83,3,0,86,0,440717,1120977,"S92000003","","S08000026","","S12000027","S13003155","S"
"ZE2 9HY",10,"N",10,10,10,0,0,10,0,440461,1123357,"S92000003","","S08000026","","S12000027","S13003155","S"
"ZE2 9HZ",10,"N",16,16,16,0,0,16,0,443087,1124828,"S92000003","","S08000026","","S12000027","S13003155","S"
"ZE2 9JA",10,"N",77,77,76,1,0,77,0,438002,1121445,"S92000003","","S08000026","","S12000027","S13003155","S"
"ZE2 9JB",10,"N",23,22,19,4,0,22,1,438790,1115078,"S92000003","","S08000026","","S12000027","S13003155","S"
"ZE2 9JD",10,"N",50,48,50,0,0,48,2,437717,1114352,"S92000003","","S08000026","","S12000027","S13003155","S"
"ZE2 9JE",10,"N",49,49,47,2,0,49,0,437674,1117312,"S92000003","","S08000026","","S12000027","S13003155","S"
"ZE2 9JF",10,"N",44,43,43,1,0,43,1,438549,1121868,"S92000003","","S08000026","","S12000027","S13003155","S"
"ZE2 9JG",10,"N",43,43,40,3,0,43,0,439598,1115012,"S92000003","","S08000026","","S12000027","S13003155","S"
"ZE2 9JH",10,"N",45,44,45,0,0,44,1,438554,1116708,"S92000003","","S08000026","","S12000027","S13003155","S"
"ZE2 9JJ",10,"N",33,33,33,0,0,33,0,440397,1115578,"S92000003","","S08000026","","S12000027","S13003155","S"
"ZE2 9JL",10,"N",30,30,30,0,0,30,0,442936,1124406,"S92000003","","S08000026","","S12000027","S13003155","S"
"ZE2 9JN",10,"N",8,8,8,0,0,8,0,441933,1124676,"S92000003","","S08000026","","S12000027","S13003155","S"
"ZE2 9JP",10,"N",15,15,15,0,0,15,0,443129,1129159,"S92000003","","S08000026","","S12000027","S13003155","S"
"ZE2 9JQ",10,"N",27,27,26,1,0,27,0,440184,1116576,"S92000003","","S08000026","","S12000027","S13003155","S"
"ZE2 9JR",10,"N",10,10,10,0,0,10,0,439573,1115460,"S92000003","","S08000026","","S12000027","S13003155","S"
"ZE2 9JS",10,"N",6,6,6,0,0,6,0,443192,1129139,"S92000003","","S08000026","","S12000027","S13003155","S"
"ZE2 9JT",10,"N",14,14,14,0,0,14,0,437580,1133803,"S92000003","","S08000026","","S12000027","S13003154","S"
"ZE2 9JU",10,"N",36,35,31,5,0,35,1,420494,1070589,"S92000003","","S08000026","","S12000027","S13003155","S"
"ZE2 9JW",10,"N",15,15,15,0,0,15,0,439399,1115480,"S92000003","","S08000026","","S12000027","S13003155","S"
"ZE2 9JX",10,"N",90,90,90,0,0,90,0,443930,1138325,"S92000003","","S08000026","","S12000027","S13003155","S"
"ZE2 9JY",10,"N",42,42,40,2,0,42,0,437182,1135963,"S92000003","","S08000026","","S12000027","S13003154","S"
"ZE2 9JZ",10,"N",17,17,17,0,0,17,0,437072,1136013,"S92000003","","S08000026","","S12000027","S13003154","S"
"ZE2 9LA",10,"N",72,72,69,3,0,72,0,437088,1135781,"S92000003","","S08000026","","S12000027","S13003154","S"
"ZE2 9LB",10,"N",51,50,49,2,0,50,1,437809,1135415,"S92000003","","S08000026","","S12000027","S13003154","S"
"ZE2 9LD",10,"N",82,82,81,1,0,82,0,437132,1133263,"S92000003","","S08000026","","S12000027","S13003154","S"
"ZE2 9LE",10,"N",52,51,52,0,0,51,1,437688,1132287,"S92000003","","S08000026","","S12000027","S13003154","S"
"ZE2 9LF",10,"N",30,30,30,0,0,30,0,437332,1135732,"S92000003","","S08000026","","S12000027","S13003154","S"
"ZE2 9LG",10,"N",20,20,20,0,0,20,0,439134,1148189,"S92000003","","S08000026","","S12000027","S13003154","S"
"ZE2 9LH",10,"N",18,18,17,1,0,18,0,440885,1151613,"S92000003","","S08000026","","S12000027","S13003154","S"
"ZE2 9LJ",10,"N",79,78,77,2,0,78,1,440000,1146195,"S92000003","","S08000026","","S12000027","S13003154","S"
"ZE2 9LL",10,"N",71,70,71,0,0,70,1,438639,1144420,"S92000003","","S08000026","","S12000027","S13003154","S"
"ZE2 9LN",10,"N",32,31,32,0,0,31,1,438503,1150670,"S92000003","","S08000026","","S12000027","S13003154","S"
"ZE2 9LP",10,"N",1,1,1,0,0,1,0,441743,1155169,"S92000003","","S08000026","","S12000027","S13003154","S"
"ZE2 9LQ",10,"N",48,47,44,4,0,47,1,438808,1150105,"S92000003","","S08000026","","S12000027","S13003154","S"
"ZE2 9LR",10,"N",60,60,60,0,0,60,0,438667,1149799,"S92000003","","S08000026","","S12000027","S13003154","S"
"ZE2 9LS",10,"N",9,9,9,0,0,9,0,434030,1153297,"S92000003","","S08000026","","S12000027","S13003156","S"
"ZE2 9LT",10,"N",35,34,35,0,0,34,1,435973,1151137,"S92000003","","S08000026","","S12000027","S13003156","S"
"ZE2 9LU",10,"N",22,22,22,0,0,22,0,435471,1148857,"S92000003","","S08000026","","S12000027","S13003156","S"
"ZE2 9LW",10,"N",28,28,25,3,0,28,0,439487,1153093,"S92000003","","S08000026","","S12000027","S13003154","S"
"ZE2 9LX",10,"N",58,58,58,0,0,58,0,432281,1154629,"S92000003","","S08000026","","S12000027","S13003156","S"
"ZE2 9LY",10,"N",18,18,17,1,0,18,0,431021,1152196,"S92000003","","S08000026","","S12000027","S13003156","S"
"ZE2 9LZ",10,"N",4,4,4,0,0,4,0,429775,1152434,"S92000003","","S08000026","","S12000027","S13003156","S"
"ZE2 9NA",10,"N",12,12,8,4,0,12,0,433078,1152292,"S92000003","","S08000026","","S12000027","S13003156","S"
"ZE2 9NB",10,"N",48,45,40,8,0,45,3,434405,1155686,"S92000003","","S08000026","","S12000027","S13003156","S"
"ZE2 9ND",10,"N",36,34,36,0,0,34,2,434058,1157401,"S92000003","","S08000026","","S12000027","S13003156","S"
"ZE2 9NE",10,"N",39,39,39,0,0,39,0,435630,1157490,"S92000003","","S08000026","","S12000027","S13003156","S"
"ZE2 9NF",10,"N",10,10,10,0,0,10,0,434877,1155696,"S92000003","","S08000026","","S12000027","S13003156","S"
"ZE2 9NG",10,"N",6,6,6,0,0,6,0,433426,1150485,"S92000003","","S08000026","","S12000027","S13003156","S"
"ZE2 9NH",10,"N",7,7,7,0,0,7,0,433156,1147970,"S92000003","","S08000026","","S12000027","S13003156","S"
"ZE2 9NJ",10,"N",40,38,39,1,0,38,2,432471,1144549,"S92000003","","S08000026","","S12000027","S13003156","S"
"ZE2 9NL",10,"N",54,52,52,2,0,52,2,429719,1144017,"S92000003","","S08000026","","S12000027","S13003156","S"
"ZE2 9NN",10,"N",21,21,21,0,0,21,0,433376,1152242,"S92000003","","S08000026","","S12000027","S13003156","S"
"ZE2 9NP",10,"N",13,13,13,0,0,13,0,426662,1151228,"S92000003","","S08000026","","S12000027","S13003156","S"
"ZE2 9NQ",10,"N",25,23,25,0,0,23,2,434347,1147784,"S92000003","","S08000026","","S12000027","S13003156","S"
"ZE2 9NR",10,"N",32,31,32,0,0,31,1,428202,1149264,"S92000003","","S08000026","","S12000027","S13003156","S"
"ZE2 9NS",10,"N",7,7,7,0,0,7,0,430172,1150359,"S92000003","","S08000026","","S12000027","S13003156","S"
"ZE2 9NT",10,"N",17,17,17,0,0,17,0,426502,1157095,"S92000003","","S08000026","","S12000027","S13003156","S"
"ZE2 9NU",10,"N",1,1,0,1,0,1,0,442353,1123698,"S92000003","","S08000026","","S12000027","S13003155","S"
"ZE2 9NW",10,"N",20,20,20,0,0,20,0,434703,1155610,"S92000003","","S08000026","","S12000027","S13003156","S"
"ZE2 9NX",10,"N",5,5,5,0,0,5,0,438697,1150065,"S92000003","","S08000026","","S12000027","S13003154","S"
"ZE2 9NY",10,"N",14,14,14,0,0,14,0,431198,1144738,"S92000003","","S08000026","","S12000027","S13003156","S"
"ZE2 9NZ",10,"N",8,8,8,0,0,8,0,441948,1123651,"S92000003","","S08000026","","S12000027","S13003155","S"
"ZE2 9PA",10,"N",1,1,1,0,0,1,0,422629,1146904,"S92000003","","S08000026","","S12000027","S13003156","S"
"ZE2 9PB",10,"N",17,17,17,0,0,17,0,423708,1149099,"S92000003","","S08000026","","S12000027","S13003156","S"
"ZE2 9PD",10,"N",46,46,44,2,0,46,0,421969,1148528,"S92000003","","S08000026","","S12000027","S13003156","S"
"ZE2 9PE",10,"N",26,26,25,1,0,26,0,419647,1150801,"S92000003","","S08000026","","S12000027","S13003156","S"
"ZE2 9PF",10,"N",59,57,50,9,0,57,2,424567,1148999,"S92000003","","S08000026","","S12000027","S13003156","S"
"ZE2 9PG",10,"N",13,13,13,0,0,13,0,423908,1149089,"S92000003","","S08000026","","S12000027","S13003156","S"
"ZE2 9PH",10,"N",22,21,21,1,0,21,1,424184,1150180,"S92000003","","S08000026","","S12000027","S13003156","S"
"ZE2 9PJ",10,"N",4,4,4,0,0,4,0,424661,1150964,"S92000003","","S08000026","","S12000027","S13003156","S"
"ZE2 9PL",10,"N",88,87,85,3,0,87,1,419558,1157303,"S92000003","","S08000026","","S12000027","S13003156","S"
"ZE2 9PN",10,"N",25,21,23,2,0,21,4,397432,1139047,"S92000003","","S08000026","","S12000027","S13003156","S"
"ZE2 9PP",10,"N",86,85,83,3,0,85,1,445969,1154515,"S92000003","","S08000026","","S12000027","S13002773","S"
"ZE2 9PQ",10,"N",8,8,8,0,0,8,0,424010,1149358,"S92000003","","S08000026","","S12000027","S13003156","S"
"ZE2 9PR",10,"N",35,33,35,0,0,33,2,447889,1159746,"S92000003","","S08000026","","S12000027","S13002773","S"
"ZE2 9PS",10,"N",30,30,30,0,0,30,0,447151,1153289,"S92000003","","S08000026","","S12000027","S13002773","S"
"ZE2 9PT",10,"N",81,80,79,2,0,80,1,440826,1164931,"S92000003","","S08000026","","S12000027","S13002773","S"
"ZE2 9PU",10,"N",8,8,8,0,0,8,0,440820,1163951,"S92000003","","S08000026","","S12000027","S13002773","S"
"ZE2 9PW",10,"N",15,15,14,1,0,15,0,417746,1160295,"S92000003","","S08000026","","S12000027","S13003156","S"
"ZE2 9PX",10,"N",43,43,41,2,0,43,0,440451,1162959,"S92000003","","S08000026","","S12000027","S13002773","S"
"ZE2 9PY",10,"N",11,10,10,1,0,10,1,436861,1161998,"S92000003","","S08000026","","S12000027","S13002773","S"
"ZE2 9PZ",10,"N",4,4,4,0,0,4,0,442958,1168893,"S92000003","","S08000026","","S12000027","S13002773","S"
"ZE2 9QA",10,"N",10,10,10,0,0,10,0,448129,1164894,"S92000003","","S08000026","","S12000027","S13002773","S"
"ZE2 9QB",10,"N",82,77,78,4,0,77,5,448064,1165711,"S92000003","","S08000026","","S12000027","S13002773","S"
"ZE2 9QD",10,"N",36,36,36,0,0,36,0,446096,1163695,"S92000003","","S08000026","","S12000027","S13002773","S"
"ZE2 9QE",10,"N",7,7,7,0,0,7,0,446296,1166247,"S92000003","","S08000026","","S12000027","S13002773","S"
"ZE2 9QF",10,"N",15,14,13,2,0,14,1,448730,1169461,"S92000003","","S08000026","","S12000027","S13002773","S"
"ZE2 9QG",10,"N",51,50,39,12,0,50,1,435403,1168044,"S92000003","","S08000026","","S12000027","S13002773","S"
"ZE2 9QH",10,"N",6,6,6,0,0,6,0,435920,1167323,"S92000003","","S08000026","","S12000027","S13002773","S"
"ZE2 9QJ",10,"N",73,72,59,14,0,72,1,436193,1167085,"S92000003","","S08000026","","S12000027","S13002773","S"
"ZE2 9QL",10,"N",19,18,19,0,0,18,1,435971,1165487,"S92000003","","S08000026","","S12000027","S13002773","S"
"ZE2 9QN",10,"N",23,23,22,1,0,23,0,434610,1167121,"S92000003","","S08000026","","S12000027","S13002773","S"
"ZE2 9QP",10,"N",15,13,14,1,0,13,2,437679,1170941,"S92000003","","S08000026","","S12000027","S13002773","S"
"ZE2 9QQ",10,"N",28,28,28,0,0,28,0,436031,1167547,"S92000003","","S08000026","","S12000027","S13002773","S"
"ZE2 9QR",10,"N",14,11,9,5,0,11,3,440921,1173455,"S92000003","","S08000026","","S12000027","S13002773","S"
"ZE2 9QS",10,"N",13,13,13,0,0,13,0,437249,1165269,"S92000003","","S08000026","","S12000027","S13002773","S"
"ZE2 9QT",10,"N",12,11,12,0,0,11,1,443503,1176574,"S92000003","","S08000026","","S12000027","S13002773","S"
"ZE2 9QU",10,"N",8,8,8,0,0,8,0,436137,1166325,"S92000003","","S08000026","","S12000027","S13002773","S"
"ZE2 9QW",10,"N",53,53,53,0,0,53,0,434089,1164584,"S92000003","","S08000026","","S12000027","S13002773","S"
"ZE2 9QX",10,"N",15,15,15,0,0,15,0,424082,1149867,"S92000003","","S08000026","","S12000027","S13003156","S"
"ZE2 9QY",10,"N",14,14,14,0,0,14,0,436057,1167391,"S92000003","","S08000026","","S12000027","S13002773","S"
"ZE2 9QZ",10,"N",18,18,18,0,0,18,0,440790,1164101,"S92000003","","S08000026","","S12000027","S13002773","S"
"ZE2 9RA",10,"N",8,8,8,0,0,8,0,445190,1175436,"S92000003","","S08000026","","S12000027","S13002773","S"
"ZE2 9RB",10,"N",47,47,42,5,0,47,0,444969,1175233,"S92000003","","S08000026","","S12000027","S13002773","S"
"ZE2 9RD",10,"N",25,25,24,1,0,25,0,435417,1172697,"S92000003","","S08000026","","S12000027","S13002773","S"
"ZE2 9RE",10,"N",13,13,13,0,0,13,0,433688,1169788,"S92000003","","S08000026","","S12000027","S13002773","S"
"ZE2 9RF",10,"N",1,1,1,0,0,1,0,434318,1175238,"S92000003","","S08000026","","S12000027","S13002773","S"
"ZE2 9RG",10,"N",9,9,9,0,0,9,0,431148,1176841,"S92000003","","S08000026","","S12000027","S13002773","S"
"ZE2 9RH",10,"N",19,19,17,2,0,19,0,430200,1178622,"S92000003","","S08000026","","S12000027","S13002773","S"
"ZE2 9RJ",10,"N",21,21,21,0,0,21,0,430373,1178354,"S92000003","","S08000026","","S12000027","S13002773","S"
"ZE2 9RL",10,"N",16,16,14,2,0,16,0,429741,1180609,"S92000003","","S08000026","","S12000027","S13002773","S"
"ZE2 9RN",10,"N",11,11,11,0,0,11,0,435162,1172685,"S92000003","","S08000026","","S12000027","S13002773","S"
"ZE2 9RP",10,"N",5,5,5,0,0,5,0,427750,1178219,"S92000003","","S08000026","","S12000027","S13002773","S"
"ZE2 9RQ",10,"N",7,6,7,0,0,6,1,431505,1173990,"S92000003","","S08000026","","S12000027","S13002773","S"
"ZE2 9RS",10,"N",48,46,45,3,0,46,2,423840,1179102,"S92000003","","S08000026","","S12000027","S13002773","S"
"ZE2 9RT",10,"N",50,49,46,4,0,49,1,435859,1179929,"S92000003","","S08000026","","S12000027","S13002773","S"
"ZE2 9RU",10,"N",27,24,24,3,0,24,3,434882,1177793,"S92000003","","S08000026","","S12000027","S13002773","S"
"ZE2 9RW",10,"N",39,39,34,5,0,39,0,428561,1177303,"S92000003","","S08000026","","S12000027","S13002773","S"
"ZE2 9RX",10,"N",24,21,24,0,0,21,3,434301,1182411,"S92000003","","S08000026","","S12000027","S13002773","S"
"ZE2 9RY",10,"N",57,56,55,2,0,56,1,436704,1189486,"S92000003","","S08000026","","S12000027","S13002773","S"
"ZE2 9RZ",10,"N",19,18,19,0,0,18,1,436697,1184961,"S92000003","","S08000026","","S12000027","S13002773","S"
"ZE2 9SA",10,"N",22,22,22,0,0,22,0,436647,1180622,"S92000003","","S08000026","","S12000027","S13002773","S"
"ZE2 9SB",10,"N",38,38,34,4,0,38,0,442449,1144102,"S92000003","","S08000026","","S12000027","S13003154","S"
"ZE2 9SD",10,"N",12,12,12,0,0,12,0,442751,1144605,"S92000003","","S08000026","","S12000027","S13003154","S"
"ZE2 9SE",10,"N",28,28,26,2,0,28,0,443055,1145305,"S92000003","","S08000026","","S12000027","S13003154","S"
"ZE2 9SF",10,"N",70,69,70,0,0,69,1,444258,1146489,"S92000003","","S08000026","","S12000027","S13003154","S"
"ZE2 9SG",10,"N",47,47,45,2,0,47,0,443229,1146734,"S92000003","","S08000026","","S12000027","S13003154","S"
"ZE2 9SH",10,"N",15,14,11,4,0,14,1,442278,1144758,"S92000003","","S08000026","","S12000027","S13003154","S"
"ZE2 9SJ",10,"N",9,9,9,0,0,9,0,436102,1168468,"S92000003","","S08000026","","S12000027","S13002773","S"
"ZE2 9SL",10,"N",9,9,9,0,0,9,0,435865,1167760,"S92000003","","S08000026","","S12000027","S13002773","S"
"ZE2 9SN",10,"N",14,14,14,0,0,14,0,435847,1168544,"S92000003","","S08000026","","S12000027","S13002773","S"
"ZE2 9SP",10,"N",12,12,12,0,0,12,0,435958,1168523,"S92000003","","S08000026","","S12000027","S13002773","S"
"ZE2 9SQ",10,"N",56,56,55,1,0,56,0,443010,1150244,"S92000003","","S08000026","","S12000027","S13003154","S"
"ZE2 9SR",10,"N",13,13,13,0,0,13,0,435967,1168443,"S92000003","","S08000026","","S12000027","S13002773","S"
"ZE2 9SS",10,"N",11,11,11,0,0,11,0,436001,1168415,"S92000003","","S08000026","","S12000027","S13002773","S"
"ZE2 9ST",10,"N",13,13,13,0,0,13,0,435909,1168431,"S92000003","","S08000026","","S12000027","S13002773","S"
"ZE2 9SU",10,"N",7,7,7,0,0,7,0,435891,1168377,"S92000003","","S08000026","","S12000027","S13002773","S"
"ZE2 9SW",10,"N",11,10,11,0,0,10,1,435905,1168581,"S92000003","","S08000026","","S12000027","S13002773","S"
"ZE2 9SX",10,"N",12,12,12,0,0,12,0,435817,1168360,"S92000003","","S08000026","","S12000027","S13002773","S"
"ZE2 9SY",10,"N",5,5,5,0,0,5,0,435765,1168364,"S92000003","","S08000026","","S12000027","S13002773","S"
"ZE2 9SZ",10,"N",7,7,7,0,0,7,0,435797,1168491,"S92000003","","S08000026","","S12000027","S13002773","S"
"ZE2 9TA",10,"N",23,23,23,0,0,23,0,462092,1209525,"S92000003","","S08000026","","S12000027","S13002772","S"
"ZE2 9TD",10,"N",24,24,24,0,0,24,0,444892,1175033,"S92000003","","S08000026","","S12000027","S13002773","S"
"ZE2 9TE",10,"N",45,45,45,0,0,45,0,443987,1173931,"S92000003","","S08000026","","S12000027","S13002773","S"
"ZE2 9TF",10,"N",59,59,59,0,0,59,0,444541,1174269,"S92000003","","S08000026","","S12000027","S13002773","S"
"ZE2 9TG",10,"N",10,10,10,0,0,10,0,445184,1175507,"S92000003","","S08000026","","S12000027","S13002773","S"
"ZE2 9TH",10,"N",28,28,28,0,0,28,0,445211,1175373,"S92000003","","S08000026","","S12000027","S13002773","S"
"ZE2 9TL",10,"N",7,7,7,0,0,7,0,444419,1174083,"S92000003","","S08000026","","S12000027","S13002773","S"
"ZE2 9TN",10,"N",5,5,5,0,0,5,0,464373,1213297,"S92000003","","S08000026","","S12000027","S13002772","S"
"ZE2 9TP",10,"N",16,16,16,0,0,16,0,464468,1213451,"S92000003","","S08000026","","S12000027","S13002772","S"
"ZE2 9TQ",10,"N",10,10,10,0,0,10,0,445152,1175434,"S92000003","","S08000026","","S12000027","S13002773","S"
"ZE2 9TR",10,"N",16,16,16,0,0,16,0,443042,1144347,"S92000003","","S08000026","","S12000027","S13003154","S"
"ZE2 9TS",10,"N",15,15,15,0,0,15,0,454437,1163405,"S92000003","","S08000026","","S12000027","S13002772","S"
"ZE2 9TT",10,"N",6,6,6,0,0,6,0,435207,1167869,"S92000003","","S08000026","","S12000027","S13002773","S"
"ZE2 9TU",10,"N",1,1,0,1,0,1,0,440032,1175079,"S92000003","","S08000026","","S12000027","S13002773","L"
"ZE2 9TW",10,"N",6,6,0,6,0,6,0,463618,1210098,"S92000003","","S08000026","","S12000027","S13002772","S"
"ZE2 9TX",10,"N",48,48,48,0,0,48,0,444443,1139606,"S92000003","","S08000026","","S12000027","S13003155","S"
"ZE2 9TY",10,"N",1,1,0,1,0,1,0,435982,1168011,"S92000003","","S08000026","","S12000027","S13002773","S"
"ZE2 9TZ",10,"N",27,27,27,0,0,27,0,434741,1167596,"S92000003","","S08000026","","S12000027","S13002773","S"
"ZE2 9UA",10,"N",5,5,5,0,0,5,0,435024,1167958,"S92000003","","S08000026","","S12000027","S13002773","S"
"ZE2 9UB",10,"N",7,7,7,0,0,7,0,447864,1165477,"S92000003","","S08000026","","S12000027","S13002773","S"
"ZE2 9UE",10,"N",9,9,9,0,0,9,0,442708,1124130,"S92000003","","S08000026","","S12000027","S13003155","S"
"ZE2 9UJ",10,"N",12,12,12,0,0,12,0,442813,1124118,"S92000003","","S08000026","","S12000027","S13003155","S"
"ZE2 9UL",10,"N",13,13,13,0,0,13,0,443637,1146226,"S92000003","","S08000026","","S12000027","S13003154","S"
"ZE2 9UN",10,"N",1,1,0,1,0,1,0,441080,1175898,"S92000003","","S08000026","","S12000027","S13002773","S"
"ZE2 9UP",10,"N",2,2,0,2,0,2,0,440220,1172932,"S92000003","","S08000026","","S12000027","S13002773","S"
"ZE2 9UR",10,"N",3,1,0,3,0,1,2,439855,1173802,"S92000003","","S08000026","","S12000027","S13002773","S"
"ZE2 9US",10,"N",10,10,10,0,0,10,0,442919,1144442,"S92000003","","S08000026","","S12000027","S13003154","S"
"ZE2 9UT",10,"N",5,5,5,0,0,5,0,462189,1208202,"S92000003","","S08000026","","S12000027","S13002772","S"
"ZE2 9UW",10,"N",3,3,3,0,0,3,0,444185,1130313,"S92000003","","S08000026","","S12000027","S13003155","S"
"ZE2 9UY",10,"N",35,35,35,0,0,35,0,436881,1131602,"S92000003","","S08000026","","S12000027","S13003154","S"
"ZE2 9UZ",10,"N",10,10,10,0,0,10,0,436063,1168567,"S92000003","","S08000026","","S12000027","S13002773","S"
"ZE2 9WH",10,"N",40,40,40,0,0,40,0,443396,1145836,"S92000003","","S08000026","","S12000027","S13003154","S"
"ZE2 9WJ",10,"N",8,8,8,0,0,8,0,442704,1124065,"S92000003","","S08000026","","S12000027","S13003155","S"
"ZE2 9WL",10,"N",10,10,10,0,0,10,0,434733,1167487,"S92000003","","S08000026","","S12000027","S13002773","S"
"ZE2 9WN",50,"Y",1,0,0,0,1,0,1,434798,1167495,"S92000003","","S08000026","","S12000027","S13002773","L"
"ZE2 9XA",10,"N",22,22,22,0,0,22,0,446437,1153174,"S92000003","","S08000026","","S12000027","S13002773","S"
"ZE2 9XB",10,"N",12,12,12,0,0,12,0,424222,1149682,"S92000003","","S08000026","","S12000027","S13003156","S"
"ZE2 9XF",10,"N",10,10,10,0,0,10,0,440920,1164007,"S92000003","","S08000026","","S12000027","S13002773","S"
"ZE2 9XG",10,"N",7,7,7,0,0,7,0,436402,1189333,"S92000003","","S08000026","","S12000027","S13002773","S"
"ZE2 9XH",10,"N",20,20,20,0,0,20,0,442786,1144406,"S92000003","","S08000026","","S12000027","S13003154","S"
"ZE2 9XJ",10,"N",3,3,0,3,0,3,0,441894,1145131,"S92000003","","S08000026","","S12000027","S13003154","S"
"ZE2 9XL",10,"N",20,20,20,0,0,20,0,461684,1209313,"S92000003","","S08000026","","S12000027","S13002772","S"
"ZE2 9XN",10,"N",5,5,5,0,0,5,0,436956,1135966,"S92000003","","S08000026","","S12000027","S13003154","S"
"ZE2 9XP",10,"N",21,21,21,0,0,21,0,428653,1177267,"S92000003","","S08000026","","S12000027","S13002773","S"
"ZE2 9XQ",10,"N",29,29,29,0,0,29,0,440369,1164159,"S92000003","","S08000026","","S12000027","S13002773","S"
"ZE2 9XS",10,"N",24,24,24,0,0,24,0,436027,1167856,"S92000003","","S08000026","","S12000027","S13002773","S"
"ZE2 9XT",10,"N",12,12,12,0,0,12,0,443252,1145819,"S92000003","","S08000026","","S12000027","S13003154","S"
"ZE2 9XU",10,"N",8,8,8,0,0,8,0,436914,1136139,"S92000003","","S08000026","","S12000027","S13003154","S"
"ZE2 9XW",10,"N",22,22,22,0,0,22,0,436956,1136073,"S92000003","","S08000026","","S12000027","S13003154","S"
"ZE3 9JJ",10,"N",7,7,7,0,0,7,0,438851,1111529,"S92000003","","S08000026","","S12000027","S13003155","S"
"ZE3 9JL",10,"N",41,40,39,2,0,40,1,438892,1111459,"S92000003","","S08000026","","S12000027","S13003155","S"
"ZE3 9JN",10,"N",8,8,6,2,0,8,0,440318,1109372,"S92000003","","S08000026","","S12000027","S13003155","S"
"ZE3 9JP",10,"N",11,11,0,11,0,11,0,439453,1110367,"S92000003","","S08000026","","S12000027","S13003155","S"
"ZE3 9JR",10,"N",11,11,11,0,0,11,0,438625,1112054,"S92000003","","S08000026","","S12000027","S13003155","S"
"ZE3 9JS",10,"N",70,69,66,4,0,69,1,439599,1111933,"S92000003","","S08000026","","S12000027","S13003155","S"
"ZE3 9JT",10,"N",15,15,15,0,0,15,0,438916,1109922,"S92000003","","S08000026","","S12000027","S13003155","S"
"ZE3 9JU",10,"N",20,20,20,0,0,20,0,438872,1111807,"S92000003","","S08000026","","S12000027","S13003155","S"
"ZE3 9JW",10,"N",26,26,24,2,0,26,0,438975,1110038,"S92000003","","S08000026","","S12000027","S13003155","S"
"ZE3 9JX",10,"N",15,15,15,0,0,15,0,438872,1110219,"S92000003","","S08000026","","S12000027","S13003155","S"
"ZE3 9JY",10,"N",12,12,12,0,0,12,0,438498,1112029,"S92000003","","S08000026","","S12000027","S13003155","S"
"ZE3 9JZ",10,"N",24,24,24,0,0,24,0,438662,1112122,"S92000003","","S08000026","","S12000027","S13003155","S"
