q1_positive,q2_positive,q3_positive,income_quintile,age_distribution,minority_pop,employment_percentage,gender_distribution,urban_rural,employment_rate,DataZone
73.31,97.44,91.45,4,71.12,8.46,77.1,50.11,Urban,0.06,S01012126
78.51,93.93,87.44,1,69.95,9.06,69.8,48.86,Urban,0.31,S01010055
87.11,95.03,98.06,3,60.53,9.93,75.3,49.52,Rural,0.07,S01012014
81.81,92.53,94.82,4,64.95,3.42,74.8,51.36,Rural,0.04,S01013014
25.34,53.32,67.33,4,61.22,7.13,75.3,49.47,Rural,0.05,S01011052
73.95,70.04,88.54,1,82.37,14.25,69.8,49.25,Urban,0.15,S01010386
83.36,81.07,93.79,4,58.31,1.77,79.5,49.71,Rural,0.06,S01006799
50.79,78.83,79.67,2,66.67,5,69.7,50.23,Urban,0.08,S01011761
40.46,87.4,72.1,2,61.5,7.51,72.2,49.12,Urban,0.12,S01007256
84.28,94.22,98.71,3,58.53,2.51,78.6,49.32,Rural,0.08,S01010505
45.42,72.76,78.26,3,63.2,6.61,69.7,52.35,Urban,0.03,S01011643
77.63,89.14,89.14,2,60.42,3.98,78.6,50.79,Rural,0.11,S01010661
52.82,79.22,80.15,2,64.09,2.49,70.4,49.93,Urban,0.18,S01009635
79.29,81.48,89.64,5,74.41,13.4,71.8,49.3,Urban,0.02,S01006571
74.27,89.74,94,2,63.97,3.03,72.8,51.1,Urban,0.12,S01013195
62.26,91.11,87.7,4,61.44,1.69,79.5,48.66,Rural,0.04,S01006884
70.3,96.26,86.58,4,69.72,6.97,74.8,51.84,Urban,0.02,S01013063
63.45,80.05,78.59,3,64.24,4.1,73.9,50.95,Urban,0.08,S01008999
35.89,85.15,63.32,2,62.18,4.43,78.6,49.63,Rural,0.13,S01010737
57.34,86.26,87.43,2,62.71,3.38,72.9,51.54,Urban,0.11,S01007428
89.13,98.63,97.88,4,58.49,2.21,75.3,51.06,Rural,0.05,S01011975
32.97,83.96,70.88,2,58.85,2.67,79.5,50.27,Rural,0.11,S01007025
68.01,85.79,87.79,2,69.65,11.18,77.1,50.51,Urban,0.14,S01012128
72.57,91.09,87.09,3,67.15,8.2,71.7,52.23,Urban,0.09,S01007835
81.22,94.41,93.34,3,65.05,8.2,71.7,49.54,Urban,0.09,S01007835
82.67,86.83,96.62,5,82.46,27.9,73.9,53.01,Urban,0.01,S01008845
81.66,79.12,92.67,2,62.33,4.76,72.2,49.47,Urban,0.16,S01007211
91.93,98.02,87.51,3,84.29,17.57,69.8,46.17,Urban,0.09,S01010252
81.87,83.81,92.46,3,67.63,7.16,69.8,52.02,Urban,0.06,S01010476
66.34,90.94,85.68,2,60.37,2.13,70.4,50.75,Urban,0.08,S01009708
64.24,59.13,88.44,2,66.77,2.25,75.2,51.24,Urban,0.14,S01009079
94.63,100,94.11,4,61.71,4.07,78.6,48.7,Rural,0.04,S01010688
51.43,83.02,83.85,1,63.32,9.7,72.2,51,Urban,0.13,S01007187
52.39,77.23,70.41,4,61.38,1.91,75.3,50.94,Rural,0.05,S01011078
51.55,83.93,87.29,3,55.54,2.96,75.3,51.08,Rural,0.06,S01011991
54.45,86.34,80.49,2,65.81,7.35,68.2,50.04,Urban,0.13,S01010875
81.08,82.09,92.28,3,67.07,4.38,76.9,49.89,Urban,0.09,S01012845
90.67,100,90.75,3,63.07,4.16,75.2,49.46,Urban,0.05,S01009151
49.09,89.5,78.35,2,65.98,1.58,74.5,50.63,Urban,0.15,S01013388
92.63,93.29,94.2,3,56.62,2.11,78.6,48.72,Rural,0.06,S01010811
84.83,79.99,91.67,3,58.26,3.38,67.7,50.73,Rural,0.08,S01011175
83.85,95.03,96.95,2,58.13,3.42,75.9,51.46,Urban,0.17,S01008046
75.24,87.79,90.13,2,66.31,4.44,74.5,50.51,Urban,0.11,S01013358
70.19,69.59,88.84,3,83.39,26.44,69.8,49.5,Urban,0.06,S01010379
96.76,100,99.29,3,62.78,2.41,78.6,48.14,Rural,0.08,S01010813
69.25,86.52,93.67,5,59.08,14.08,75.3,50.19,Rural,0.04,S01012010
72.17,90.92,85.72,1,70.87,13.94,69.8,49.54,Urban,0.32,S01010212
67.92,72.66,83.96,5,66.92,5.07,69.7,51.26,Urban,0.03,S01011601
79.8,83.06,89.4,4,65.59,3.58,79.5,49.16,Rural,0.04,S01006811
55.24,68.41,84.16,2,63.93,4.38,75.9,51.31,Urban,0.15,S01008105
56.27,59.34,82.39,1,64.76,1.73,73,48.4,Urban,0.22,S01007922
75.52,88.87,88.33,1,66.04,2.88,76.9,50.09,Urban,0.2,S01012760
47.98,89.69,83.2,3,59.83,3.7,70.4,51.2,Rural,0.05,S01009673
87.65,87.46,89.04,3,58.78,2.25,78.6,48.35,Rural,0.08,S01010694
77.29,77.99,89.28,2,66.13,6.01,78.6,49.78,Rural,0.08,S01010536
73.18,90.69,91.18,3,61.27,4.05,76.9,50.43,Urban,0.09,S01012688
28.61,88.74,74.85,2,63.29,3.2,67.7,51.05,Urban,0.12,S01011268
95.63,92.87,96.65,3,76.29,23.04,69.8,48.78,Urban,0.09,S01009924
91.24,95.28,95.47,4,62.7,4.98,74.8,51.29,Rural,0.06,S01013012
66.56,87.46,90.23,3,61.11,3.69,78.6,50.91,Rural,0.05,S01010526
96.89,100,95.9,2,57.23,2.99,71.9,49.42,Rural,0.14,S01012417
90.21,96.36,88.87,4,58.01,2.66,79.5,50.08,Rural,0.07,S01006790
28.1,66.53,70.4,1,63.43,0.14,73,50.29,Rural,0.25,S01007885
92.06,90.47,97.28,1,67.06,10.96,69.8,50.91,Urban,0.24,S01010311
65.02,89.73,93.48,5,60.49,10.55,79.5,50.48,Urban,0.02,S01006865
79.05,90.58,93.27,4,63.03,2.49,70.4,50.92,Urban,0.06,S01009687
78.46,85.92,88.32,2,64.88,1.21,71.9,51.64,Urban,0.19,S01012463
45.1,92.47,77.66,3,68.11,6.61,69.7,51.51,Urban,0.03,S01011643
60.68,91.69,75.78,1,65.83,1.91,74.5,49.95,Urban,0.23,S01013248
36.37,79.25,73.18,2,70.26,6.34,74.5,49.11,Urban,0.13,S01013350
58.62,90.83,85.47,2,68.42,11.36,73.9,51.06,Urban,0.11,S01008958
79.8,96.31,86.89,4,68.94,9.1,69.8,49.8,Urban,0.05,S01010429
40.55,67.3,70.86,2,65.11,1.65,77.1,51.25,Urban,0.11,S01012210
95.17,93.27,96.04,3,65.57,5.51,71.9,50.12,Urban,0.13,S01012482
63.61,93.5,89.4,3,70.92,8.26,73.9,49.52,Urban,0.06,S01008742
74.87,94.19,92.75,3,58.17,1.29,81,50.51,Rural,0.1,S01009014
57.27,83.36,85.29,2,65.47,1.69,67.7,49.86,Urban,0.11,S01011352
79.46,85.95,93.49,3,66.12,5.84,70.4,50.88,Urban,0.05,S01009303
66.2,93.19,82.86,2,63.77,1.22,70.4,51.17,Urban,0.16,S01009430
93.24,92.22,96.4,4,62.58,2.31,81,49.74,Rural,0.07,S01009019
65.82,88.38,90.59,3,63.15,4.62,70.4,50.97,Urban,0.11,S01009486
69.58,93.92,88.64,4,61.71,2.97,76.9,50.8,Rural,0.04,S01012576
43.4,62.07,84.58,5,61.98,1.27,77.1,51.65,Urban,0.03,S01012216
96.4,99.07,97.36,4,59.36,2.09,74.6,49.5,Rural,0.03,S01012407
71.44,75.54,85.99,4,79.64,14.88,70.4,51.06,Urban,0.04,S01009730
72.44,83,92.89,5,58.92,8.35,73.9,52.36,Urban,0.02,S01008893
80.51,79.96,88.29,2,63.14,3.41,76.9,49.18,Urban,0.11,S01012649
54.62,89.89,73.97,1,65.74,3.69,72.8,51.74,Urban,0.2,S01013128
41.42,71.8,62.87,3,64.25,3.6,75.2,51.93,Urban,0.11,S01009229
45.87,66.98,78.89,2,65.66,2.25,75.2,49.94,Urban,0.14,S01009079
72.99,80.36,79.62,4,92.63,22.01,73.9,58.95,Urban,0.03,S01008614
56.74,82.27,90.62,4,64.59,6.67,76.9,51.31,Urban,0.04,S01012798
72.09,96.73,89.15,1,66.73,1.44,67.7,51.01,Urban,0.22,S01011196
80.21,94.49,89.58,3,62.07,2.42,75.8,50.6,Rural,0.11,S01007327
78.89,96.5,92.39,4,64.45,1.99,74.6,48.5,Rural,0.04,S01012410
54.66,91.29,89.31,4,73.99,32.06,73.9,50.26,Urban,0.02,S01008587
74.55,91.4,86.99,2,66.38,6.67,77.1,50.47,Urban,0.11,S01012183
100,100,100,4,62.72,9.57,79.5,50,Rural,0.02,S01006793
88.86,88.19,93.84,4,63.06,3.17,79.3,50.96,Urban,0.09,S01012285
63.27,77.84,85.28,4,63.83,2.18,75.2,50.61,Urban,0.05,S01009214
60.5,87.47,84.6,1,69.41,5.07,69.8,50.4,Urban,0.24,S01009799
91.85,89.88,98.18,5,61.11,8.72,73.9,51.54,Urban,0.02,S01008539
46.96,73.05,78.58,2,65.86,1.85,69.7,49.66,Urban,0.12,S01011401
30.17,93.61,77.06,2,62.62,2.54,72.2,49.99,Urban,0.09,S01007234
75.45,94.65,90.15,4,60.63,14.45,74.8,50.09,Urban,0.04,S01013086
65.56,67.11,91.64,3,64.22,1.5,77.1,47.81,Urban,0.09,S01012198
81.74,96.91,93.88,2,61.43,5.62,81,49.57,Rural,0.15,S01009041
78.78,92.77,90.67,4,54.2,7.96,73.6,53.47,Urban,0.02,S01008347
64.58,91.23,89.66,2,59.9,4.46,71.7,52.72,Urban,0.1,S01007759
12.98,66.44,53.16,1,68.04,7.3,69.7,49.59,Urban,0.17,S01011522
49.92,77.72,81.15,3,86.49,20.36,73.9,51,Urban,0.09,S01008808
84.59,94.73,92.85,5,69.1,13.8,73.9,52.34,Urban,0.01,S01008637
65.82,73.34,86.19,4,83.82,21.47,69.8,46.17,Urban,0.03,S01010375
56.85,86.94,72.08,2,68.97,5.23,71.8,50.65,Urban,0.08,S01006745
48.53,78.23,80.85,1,66.91,10.84,76.9,50.98,Urban,0.29,S01012786
27.37,44,63.34,2,66.21,1.41,69.7,51.2,Urban,0.12,S01011431
90.8,89.29,93.78,2,68.35,5.16,78.6,51.73,Urban,0.1,S01010613
65.75,82.95,88.03,2,63.25,3.58,70.4,51.55,Urban,0.15,S01009459
49.2,79.36,88.11,1,73.48,37.05,69.8,48.4,Urban,0.22,S01010033
60.23,97.89,84.26,4,60.36,2.2,79.5,50.81,Rural,0.03,S01007010
75.19,72.13,89.17,4,63.58,4.19,78.6,51.5,Urban,0.1,S01010626
79.57,96.87,91.4,3,59.29,1.17,68.3,50.48,Rural,0.04,S01007564
79.5,88.28,93.87,2,57.89,1.8,68.3,51.32,Rural,0.11,S01007518
71.54,92.87,80.53,2,68.86,1.85,69.7,53.24,Urban,0.12,S01011401
48.46,91.89,71.99,4,66.14,3.58,76.9,49.97,Urban,0.04,S01012928
70.61,85.72,82.27,4,64.03,1.68,76.9,52.77,Urban,0.07,S01012922
58,81.96,79.08,1,65.59,2.88,76.9,52.16,Urban,0.2,S01012760
41,87.65,76.24,2,64.53,4.36,69.7,51.17,Urban,0.11,S01011745
64.65,53.18,87.55,3,60.46,2.15,74.8,49.96,Urban,0.07,S01013112
62.72,91.88,79.83,3,73.7,29.61,71.8,48.91,Urban,0.1,S01006651
54.71,87.99,79.31,1,70.87,9.06,69.8,44.94,Urban,0.31,S01010055
75.78,83.25,89.5,1,66.43,4.09,75.2,50.47,Urban,0.19,S01009162
84.34,93.45,89.83,3,59.79,1.77,75.8,50.21,Rural,0.08,S01007339
89.79,92.56,89.59,2,59.03,1.77,78.6,49.28,Rural,0.15,S01010792
88.62,93.92,91.41,3,60.4,2.72,68.3,49.88,Rural,0.06,S01007650
96.88,96.65,97.28,5,60.09,2.55,78.6,48.14,Rural,0.03,S01010675
82.04,94.14,90.28,2,68.27,6.34,74.5,50.02,Urban,0.13,S01013350
57.57,95.16,82.75,2,60.01,2.18,72.2,51.48,Urban,0.11,S01007160
63.61,92.5,81.09,1,68.61,7.14,69.8,50.14,Urban,0.13,S01010247
81.94,84.54,93.25,5,63.76,6.7,73.6,51.69,Urban,0.02,S01008377
75.28,86.44,89.44,2,63.76,2.77,71.9,47.82,Urban,0.13,S01012439
64.27,89.91,81.45,4,70.75,5.84,75.2,49.4,Urban,0.07,S01009135
75.97,82.23,86.23,2,66.04,5.6,75.2,50.62,Urban,0.14,S01009058
73.75,77.86,84.38,4,59.4,2.24,68.3,51.11,Rural,0.04,S01007538
72.85,85.78,92.81,2,64.16,4.76,72.2,50.15,Urban,0.16,S01007211
37.95,83.95,76.73,1,68.77,2.64,69.8,50.1,Urban,0.3,S01009980
74.26,70.61,84.31,3,68.79,2.77,69.7,51.29,Urban,0.08,S01011573
64.91,80.86,86.69,1,63.05,1.99,67.7,51.84,Urban,0.19,S01011253
53.69,79.71,82.68,2,61.57,3.49,79.5,49.78,Rural,0.11,S01007049
77.04,82.03,89.77,4,62.59,3.14,70.4,51.47,Rural,0.02,S01009288
74.55,89.06,93.51,4,63.21,2.98,68.3,50.67,Urban,0.07,S01007585
65.82,81.69,86.72,5,66.7,5.07,69.7,49.33,Urban,0.03,S01011601
67.55,92.36,80.99,1,58.76,6.23,75.8,51.03,Rural,0.17,S01007367
66.92,72.11,86.8,4,63.73,5.34,78.6,49.48,Rural,0.05,S01010668
57.2,78.27,90.85,2,62.76,2.33,72.9,50.94,Urban,0.17,S01007450
94.01,84.72,97.1,1,70.25,3.76,69.7,47.97,Urban,0.21,S01011474
64.31,93.26,90.79,2,64.87,1.85,69.7,49.23,Urban,0.12,S01011401
61.92,91.8,82.28,2,67.25,6.67,77.1,50.8,Urban,0.11,S01012183
80.07,89.16,89.23,3,57.47,2.29,70.4,51.35,Urban,0.05,S01009704
54.43,84.6,83.84,5,67.53,5.07,69.7,51.35,Urban,0.03,S01011601
45.85,88.13,78.39,1,66.79,2.01,68.2,49.97,Urban,0.18,S01010886
66.2,90.74,73.77,1,66.57,15.97,71.7,50.17,Urban,0.22,S01007718
75.74,83.9,94.42,4,54.57,2.23,79.3,51.15,Rural,0.07,S01012324
85.69,94.68,96.98,5,61.33,12.15,73.9,48.32,Urban,0.01,S01008446
90.85,92.62,94.37,2,53.52,3.34,75.3,51.63,Rural,0.08,S01011859
43.98,70.86,69.31,2,62.73,2.11,69.7,49.56,Urban,0.18,S01011729
60.62,80.24,88.27,4,64.27,6.15,70.4,50.14,Urban,0.04,S01009584
87.23,85.59,90.3,3,61.18,3.25,75.3,50.09,Rural,0.08,S01011969
50.99,90.89,79.48,1,58.44,6.23,75.8,50.29,Rural,0.17,S01007367
38.52,80.95,84.5,2,64.98,3.32,70.4,50.47,Urban,0.13,S01009415
90.5,83.31,87.94,3,64.65,3.41,78.6,49.59,Urban,0.06,S01010510
76.09,97.84,91.58,3,63.74,12.12,73.9,51.65,Urban,0.08,S01008526
70.75,82.14,85.44,1,71.29,21.4,73.9,49.68,Urban,0.17,S01008705
93.33,92.99,92.41,4,60.57,7.91,75.3,51.87,Rural,0.08,S01012008
54.6,86.74,74.78,1,70.38,8.59,69.8,49.54,Urban,0.21,S01010060
55.66,81.98,84.12,5,57.24,6.02,73.9,51.34,Urban,0.02,S01008941
95.85,99.34,95.01,3,58.51,2.04,78.6,51.3,Rural,0.08,S01010763
57.99,90.65,84.87,2,72.69,11.04,73.9,49.28,Urban,0.09,S01008909
84.69,88.28,94.98,2,61.22,2.82,79.5,50.74,Rural,0.11,S01007101
83.72,96.03,96.13,2,75.71,4.7,69.8,40.34,Urban,0.13,S01009989
90.02,93.82,96.33,3,59.06,5.41,78.6,51.33,Rural,0.05,S01010731
80.74,96.8,94.32,5,61.81,1.53,75.3,51.62,Rural,0.05,S01008291
85.7,99.39,96.68,5,69.64,4.65,69.8,51.43,Urban,0.03,S01009794
47.33,84.78,85.65,3,65.09,2.16,70.4,51.05,Urban,0.08,S01009406
56.59,89.14,74.47,2,62.48,3.01,73,49.02,Rural,0.08,S01008027
70.3,85.11,89.74,3,67.63,7.06,78.6,50.94,Urban,0.09,S01010629
85.75,92.07,94.42,2,61.85,3.98,78.6,50.7,Rural,0.11,S01010661
38.06,75.27,70.67,4,63.06,1.71,79.5,49.61,Rural,0.06,S01007071
57.69,64.41,86.16,2,60,1.91,75.3,51.31,Urban,0.09,S01011163
73.26,75.47,89.47,3,66.38,6.8,78.6,51.72,Urban,0.1,S01010572
80.49,91.5,93.86,3,64.8,6.8,78.6,50.99,Urban,0.1,S01010572
78.75,82.48,95.2,3,58.42,17.4,71.8,50.11,Urban,0.09,S01006524
76.94,72.94,85.42,2,55.16,1.77,67.7,50.97,Rural,0.24,S01011327
83,99.2,94.7,2,60.87,2.35,71.9,48.37,Rural,0.1,S01012420
94.23,97.09,96.8,4,59.46,1.98,83.7,48.51,Rural,0.07,S01011828
77.59,87.09,95.58,2,55.94,1.11,68.3,50.09,Urban,0.11,S01007543
85.13,79.97,83.62,3,62.97,5.51,71.9,50.44,Urban,0.13,S01012482
62.12,91.68,86.95,3,64.91,3.08,77.4,51.51,Urban,0.09,S01010983
53.05,84.66,82.12,1,63,10.19,77.4,51.11,Urban,0.27,S01011010
82.4,79.18,93.87,4,73.46,24.61,73.9,51.17,Urban,0.04,S01008598
59.87,56.1,83.49,1,72.16,9.06,69.8,42.64,Urban,0.31,S01010055
75.95,89.95,94.84,1,64.12,1.66,73,49.59,Rural,0.17,S01007874
70.41,94.37,90.79,1,64.59,1.29,67.7,50.98,Urban,0.28,S01011302
41.91,66.39,68.05,3,65.76,3.82,77.4,51.13,Rural,0.11,S01011002
72.08,93.09,94.53,5,67.85,5.62,71.8,50.53,Urban,0.02,S01006757
84.96,86.7,93.08,4,65.3,8.54,73.9,51.33,Urban,0.03,S01008937
70.71,90.87,87.68,2,68.17,5.69,74.5,50.43,Urban,0.16,S01013278
65.07,92.31,84.85,1,65.95,3.06,75.2,49.55,Urban,0.17,S01009057
75.75,84.41,86.91,2,61.91,14.19,78.6,49.59,Rural,0.1,S01010716
85.64,93.57,95.2,4,62.51,4.66,72.9,50.41,Rural,0.04,S01007444
93.87,91.87,96.44,3,56.17,3.29,78.6,53.28,Rural,0.06,S01010760
40.55,64.52,73.4,1,68.17,11.6,76.9,49.58,Urban,0.2,S01012793
85.91,88.79,96.72,2,65.23,1.95,76.9,49.76,Rural,0.09,S01012638
82.75,84.63,96.39,5,59.99,2.11,83.7,49.72,Rural,0.02,S01011807
87.22,80.88,93.87,4,63.16,1.21,74.8,49.68,Rural,0.03,S01013107
64.36,96.23,88.37,4,64.7,2.59,71.7,50.34,Urban,0.05,S01007823
88.33,96.72,98.85,4,78.79,32.63,69.8,40.51,Urban,0.03,S01010376
91.89,99.07,96.33,4,70.63,32.06,73.9,51.24,Urban,0.02,S01008587
82.4,94.9,91.34,3,55.97,2.89,75.8,49.6,Rural,0.11,S01007351
93.44,100,97.19,5,71.25,13.51,69.8,49.01,Urban,0.02,S01010403
77.83,95.17,89.21,3,65.66,4.05,69.7,50.87,Urban,0.08,S01011381
75.71,92.51,80.97,1,71.22,13.94,69.8,50,Urban,0.32,S01010212
82.23,95.02,88.93,2,70.67,19.43,69.8,42.17,Urban,0.1,S01009867
76.93,93.27,94.74,1,72.34,9.06,69.8,48.07,Urban,0.31,S01010055
57.18,90.79,83.43,1,72.05,16.98,69.8,45.56,Urban,0.16,S01010305
78.03,84.27,87.52,1,77.87,19.02,69.8,46.18,Urban,0.17,S01010034
89.7,95.55,90.38,4,64.37,2,75.8,50.57,Rural,0.06,S01007284
80.01,93.65,90.12,1,72.08,36.17,69.8,45.06,Urban,0.18,S01009890
43.45,78.46,79.59,2,69.43,4.36,69.7,50.81,Urban,0.11,S01011745
60.9,91.3,86.98,1,64.64,2.48,77.1,50.89,Urban,0.21,S01012046
57.24,73.99,84.45,1,66.9,3.69,72.8,49.26,Urban,0.2,S01013128
88.68,98.79,91.99,1,69.29,7.85,69.8,47.25,Urban,0.33,S01010114
96.89,98.58,99.3,4,68.85,6.8,75.8,48.92,Rural,0.03,S01007358
59.86,92.75,84.67,1,61.66,2.48,75.9,50.81,Urban,0.19,S01008131
77.55,89.11,86.79,2,67.57,5,69.7,48.73,Urban,0.08,S01011761
55.77,85.97,75.08,2,68.74,19.43,69.8,49.8,Urban,0.1,S01009867
90.99,94.67,96.59,3,63.15,1.41,76.9,49.65,Urban,0.07,S01012860
76.59,81.53,86.36,1,72.58,36.17,69.8,45.93,Urban,0.18,S01009890
53.45,90.19,82.75,2,67.78,3.19,69.7,50.46,Urban,0.12,S01011624
26.45,52.27,56.05,4,67.13,2.7,69.7,45.31,Urban,0.05,S01011435
45.69,71.1,76.87,1,67.91,4.79,69.8,50.74,Urban,0.26,S01010338
94.52,96.47,100,1,64.85,8.27,69.8,49.37,Urban,0.19,S01010488
73.61,82.6,88.51,1,69.89,13.94,69.8,48.92,Urban,0.32,S01010212
91.6,99.36,92.37,1,76.81,16.98,69.8,42.11,Urban,0.16,S01010305
70.79,97.02,84.77,1,68.48,2.01,68.2,50.38,Urban,0.18,S01010886
84.77,79.09,90.39,5,76.35,12.22,69.8,51.77,Urban,0.02,S01010402
71.34,90.31,83.27,1,65.41,2.43,76.9,51.34,Urban,0.14,S01012710
59.88,82.21,86.59,1,68.34,1.35,69.8,50.61,Urban,0.19,S01009840
83.95,91.25,92.24,1,69.23,3.54,69.8,50.75,Urban,0.23,S01010159
70.39,89.42,85.84,2,64.61,3.03,72.8,48.57,Urban,0.12,S01013195
67.67,76.9,86.89,2,65.6,1.27,70.4,49.44,Urban,0.15,S01009453
49.74,86.34,74.18,2,63.03,1.2,73,49.42,Urban,0.13,S01007944
78.3,80.15,89.93,1,65.92,11.11,69.8,51.02,Urban,0.15,S01010018
68.77,97.94,72.26,4,58.94,5.05,75.8,50.31,Rural,0.04,S01007304
67.3,92.99,83.81,1,69.07,15.3,69.8,49.45,Urban,0.31,S01010499
68.44,87.74,90.03,1,69.38,10.47,69.8,47.11,Urban,0.21,S01010050
58.22,83.23,80.18,4,66.25,3.71,76.9,50.3,Urban,0.05,S01012713
66.79,77.09,80.19,1,77.89,9.06,69.8,36.81,Urban,0.31,S01010055
84.87,86.95,88.21,1,66.26,9.73,69.8,49.49,Urban,0.25,S01010447
58.47,78.27,73.56,1,77.55,9.06,69.8,41.73,Urban,0.31,S01010055
60.61,77.88,70.98,1,68.3,10.96,69.8,49.22,Urban,0.24,S01010311
66.37,61.75,79.57,3,72.64,23.04,69.8,46.58,Urban,0.09,S01009924
69.21,81.91,79.83,3,65.09,4.28,69.8,50.08,Urban,0.08,S01009968
75.06,90.59,88.6,1,74.28,3.4,69.8,44.86,Urban,0.21,S01009851
91.66,98.26,97.49,3,46.62,1.67,75.8,49.05,Rural,0.1,S01007330
65.73,92.33,93.99,1,60.08,2.58,71.9,51.76,Rural,0.18,S01012433
75.86,92,94.1,2,74.68,19.43,69.8,46.09,Urban,0.1,S01009867
78.09,94.4,91.73,3,59.7,5.3,75.8,52.17,Urban,0.08,S01007397
65.81,80.62,89.94,1,66.98,2.88,76.9,49.34,Urban,0.2,S01012760
80.45,94.59,90.93,3,61.49,5.15,68.3,50.23,Urban,0.09,S01007661
74.43,63.6,80.41,3,62.52,6.61,69.7,50.2,Urban,0.03,S01011643
42.93,59.87,61.62,1,68.35,3.67,76.9,46.44,Urban,0.19,S01012846
75.91,100,84.23,3,63.27,3.17,75.8,46.35,Rural,0.08,S01007355
53.17,71.55,83,3,67.39,11.31,75.9,45.28,Urban,0.02,S01008100
98.93,100,98.8,1,62.1,11.56,76.9,52.04,Urban,0.3,S01012862
47.02,40.66,68.46,1,70.5,25.05,69.8,49.93,Urban,0.13,S01009762
61.58,90.88,84.73,1,68.73,3.69,72.8,44.68,Urban,0.2,S01013128
54.99,79.45,82.36,4,57.08,3.67,67.7,50.07,Urban,0.03,S01011337
80.58,95.45,92.21,1,89,16.98,69.8,42.72,Urban,0.16,S01010305
57.63,95.01,82.67,1,65.84,2.07,77.1,52.18,Urban,0.13,S01012221
93.87,92.37,88.25,3,59.52,5.23,75.8,49.22,Rural,0.07,S01007357
45.66,78.26,71.24,1,69.66,6.61,69.8,47.86,Urban,0.25,S01010147
70.42,93.52,90.18,1,65.5,2.87,73,50.69,Urban,0.18,S01008013
72.21,83.92,85.8,2,66.82,3.03,72.8,52.19,Urban,0.12,S01013195
82.99,82.72,87.26,5,68.63,11.26,73.9,51.36,Urban,0.03,S01008823
88.92,93.18,94.27,3,55.37,3.17,75.8,49.58,Rural,0.08,S01007355
70.36,86.83,86.47,1,67.63,15.3,69.8,52.26,Urban,0.31,S01010499
73.26,93.37,92.91,1,78.24,16.98,69.8,40.65,Urban,0.16,S01010305
83.33,90.44,84.14,1,68.17,1.75,69.8,50.62,Urban,0.14,S01010155
78.02,77.31,92.98,1,70.68,13.94,69.8,48.24,Urban,0.32,S01010212
71.96,74.06,80.31,5,63.53,5.63,73.6,51.35,Urban,0.03,S01008383
72.27,78.28,84.41,2,76.45,27.49,69.8,44.09,Urban,0.09,S01009873
71.65,84.76,86.42,1,66.72,2.19,76.9,51.3,Urban,0.21,S01012711
76.01,88.81,81.41,1,74.74,9.06,69.8,49.52,Urban,0.31,S01010055
62.63,75.31,82.16,2,79.89,19.43,69.8,45.82,Urban,0.1,S01009867
42.21,76.19,75.71,1,70.41,20.83,69.8,50.71,Urban,0.24,S01010052
62.01,82.05,92.33,1,66.85,8.88,69.8,52.19,Urban,0.17,S01009806
79.17,85.22,84.65,1,74.2,9.06,69.8,45.79,Urban,0.31,S01010055
59.4,88.68,82.55,2,63.54,12.96,70.4,49.61,Urban,0.12,S01009522
76.45,85.77,88.54,1,71.09,9.06,69.8,47.83,Urban,0.31,S01010055
78.51,77.7,86.72,4,62.97,2.05,68.2,50.93,Urban,0.02,S01010816
87.88,92.27,91.54,1,75.17,16.98,69.8,45.93,Urban,0.16,S01010305
90.42,85.41,97.38,3,74.79,21.73,69.8,50.97,Urban,0.04,S01009926
69.18,91.43,88.75,1,70.42,5.24,69.8,51.26,Urban,0.26,S01009775
85.24,89.43,95.58,1,58.43,6.23,75.8,49.29,Rural,0.17,S01007367
92.32,96.86,97.91,1,65.7,8.88,69.8,52.22,Urban,0.17,S01009806
70.37,86.04,88.45,1,67.1,3.55,77.1,52.47,Urban,0.2,S01012045
86.33,90.71,90.29,1,70.32,3.76,69.7,55.35,Urban,0.21,S01011474
74,93.73,83.92,1,68.95,0.79,69.8,49.35,Urban,0.15,S01010168
82.76,94.74,95.02,1,74.06,10.96,69.8,47.99,Urban,0.24,S01010311
64.53,90.61,83.9,1,88.66,16.98,69.8,54.23,Urban,0.16,S01010305
72.65,93.02,83.01,1,67.27,15.3,69.8,51.28,Urban,0.31,S01010499
66.51,88.03,93.82,1,62.86,0.92,68.2,52.03,Urban,0.25,S01010911
78.14,91.42,90.75,2,85.72,27.68,69.8,47.52,Urban,0.09,S01010285
67.44,89.81,86.15,2,66.34,1.1,77.1,51.97,Urban,0.11,S01012197
90.57,96.6,97.7,1,76.58,10.83,69.8,50.66,Urban,0.17,S01010388
71.13,88.25,82.26,1,66.09,3.54,69.8,50.84,Urban,0.23,S01010159
78.23,92.55,87.99,3,69.65,7.61,73.6,50.17,Urban,0.1,S01008409
72.75,77.52,85.87,4,76.68,14.93,69.8,48.58,Urban,0.03,S01009901
82.81,88.72,88.57,2,61.09,6.15,71.9,52,Urban,0.13,S01012566
59.91,92.88,88.7,2,63.67,12.96,70.4,51.47,Urban,0.12,S01009522
70.87,93.76,88.78,1,72.14,20.83,69.8,48.24,Urban,0.24,S01010052
90.38,96.44,95.49,1,59.96,2.58,71.9,51.12,Rural,0.18,S01012433
52.52,77.55,73.03,1,64.5,2.57,69.8,53.39,Urban,0.17,S01010196
90.07,88.85,95.48,4,87.08,22.27,69.8,45.04,Urban,0.03,S01010287
78.29,81.47,97.11,2,64.19,12.96,70.4,50.6,Urban,0.12,S01009522
63.04,68.2,88.82,5,60.17,5.63,73.6,51.25,Urban,0.03,S01008383
89.52,96.91,92.45,4,57.43,2.24,68.3,52.22,Rural,0.04,S01007538
51.65,47.94,78.19,3,68.67,7.61,73.6,50.38,Urban,0.1,S01008409
64.1,94.82,75.72,2,69.24,5.33,69.7,47.6,Urban,0.09,S01011499
88.78,94.42,93.06,4,84.69,22.27,69.8,48.1,Urban,0.03,S01010287
78.62,76.24,93.3,4,71.44,15.65,69.8,51.68,Urban,0.04,S01009922
75.8,76.73,90.09,3,70.41,14.6,73.9,47.5,Urban,0.07,S01008468
79.53,87.33,95.84,4,59.05,2.05,68.2,51.07,Urban,0.02,S01010816
70.67,95.79,87.98,3,66.48,1.41,76.9,51.19,Urban,0.07,S01012860
83.13,78.78,92.59,4,73.33,15.31,73.9,50.45,Urban,0.04,S01008860
86.84,95.07,91.74,1,68.2,15.3,69.8,49.97,Urban,0.31,S01010499
78.17,91.77,91.61,3,62.03,2.54,78.6,50.25,Rural,0.07,S01010666
64.1,84.38,75.97,2,67.04,1.85,69.7,50.12,Urban,0.12,S01011401
85.66,87.28,92.2,3,64.95,2.37,74.8,50.61,Rural,0.07,S01013009
100,100,99.05,3,52.52,1.84,78.6,49.16,Rural,0.12,S01010772
70.04,82.02,91.41,2,62.3,2.01,74.8,50.81,Urban,0.13,S01013101
67.14,96.35,81.92,3,59.17,2.41,71.9,50.86,Rural,0.09,S01012547
77.42,82.03,86.7,2,62.76,5.16,78.6,50.02,Urban,0.1,S01010613
62.29,93.39,88.03,3,62.26,6.02,79.3,49.62,Rural,0.09,S01012305
87.79,96.06,95.41,3,60.47,2.13,78.6,49.73,Rural,0.07,S01010685
68.46,79.38,91.81,5,65.21,11.04,73.9,51.87,Urban,0.03,S01008735
81.54,93.42,93.45,4,61.32,2.3,79.3,50.52,Rural,0.04,S01012269
99.29,99.19,97.49,3,56.49,2.48,75.8,51.24,Rural,0.04,S01007310
67.31,86.83,85.89,3,66.89,2.62,74.5,50.54,Urban,0.06,S01013297
82.13,80.94,90.32,4,58.7,4.44,75.3,51.14,Rural,0.03,S01008280
76.11,96.9,81.68,1,63.69,4.45,72.2,50.49,Urban,0.17,S01007189
86.8,92.45,93.37,2,63.41,2.22,77.4,51.8,Urban,0.13,S01010945
80.61,88.28,87.69,5,62.75,5.63,73.6,50.67,Urban,0.03,S01008383
93.98,98.26,94.09,2,60.38,2.45,68.3,49.72,Rural,0.07,S01007654
58.9,89.49,80.68,4,59.47,2.49,70.4,51.34,Urban,0.06,S01009687
89,98.95,97.77,4,63.14,4.76,74.8,50.38,Rural,0.06,S01013008
80.6,95.29,88.2,3,56.97,3.03,72.2,50.46,Rural,0.07,S01007283
69.25,94.07,86.34,1,63.57,1.31,67.7,51.47,Urban,0.14,S01011213
47.85,51.75,72.36,1,71.72,37.05,69.8,40.89,Urban,0.22,S01010033
63.43,91.02,84.55,3,58.8,3.11,79.3,50.32,Rural,0.1,S01012344
46.81,86.5,83.23,2,62.09,2.35,79.5,50.1,Urban,0.09,S01006959
68.98,90.95,91.86,5,66.4,22.03,71.8,50.6,Urban,0.04,S01006563
65.71,85.03,77.58,5,59.96,5.63,73.6,50.99,Urban,0.03,S01008383
81.34,95.08,90.78,1,68.12,26.91,71.7,50.21,Urban,0.19,S01007728
27.29,59,81.34,2,58.55,6.21,79.3,51.13,Urban,0.11,S01012316
61.94,79.78,86.82,2,71.9,12.98,78.6,48.38,Urban,0.19,S01010639
67.89,85.45,82.26,1,65.3,0.26,74.8,51.14,Rural,0.15,S01013036
50.69,77.42,79.13,1,68.02,19.75,71.7,49.28,Urban,0.19,S01007727
74.12,78.16,80.88,2,67.87,8.72,74.5,50.69,Urban,0.13,S01013459
46.91,80.21,72.27,1,78.72,18.07,69.8,37.99,Urban,0.22,S01010218
70.22,80.64,83.81,1,66.84,14.3,73.9,50.65,Urban,0.17,S01008565
46.81,88.52,82.68,1,64.4,31.93,79.5,49.95,Urban,0.2,S01007126
41.47,67.52,80.86,2,59.81,1.22,75.3,52.11,Rural,0.12,S01011089
47.55,81,74.67,2,65.46,2.64,69.7,49.02,Urban,0.16,S01011442
28.95,61.97,73.85,3,67.03,6.45,74.8,49.88,Urban,0.08,S01013045
62.86,85.01,82.48,3,64.37,6.29,75.2,50.07,Urban,0.08,S01009257
81.97,77.63,92.58,4,58.11,4.27,78.6,51.04,Rural,0.05,S01010721
75.6,90.82,91.76,1,65.57,1.41,67.7,51.02,Urban,0.19,S01011219
95.46,100,96.75,3,59.02,2.6,72.2,50.56,Rural,0.09,S01007227
42.88,79.57,77.88,1,67.78,5.68,69.7,49.25,Urban,0.15,S01011461
75.11,97.15,91.94,4,73.92,15.07,69.8,51.83,Urban,0.04,S01010475
55.82,94.51,83.99,4,65.6,2.18,79.5,48.88,Urban,0.04,S01006985
77.13,95.76,90.6,1,69.36,17.11,69.8,48.93,Urban,0.19,S01010360
48.06,46.09,82.07,2,56.69,1.8,68.3,50.28,Rural,0.11,S01007518
68.47,74.05,76.07,4,64.4,1.76,76.9,47.53,Urban,0.05,S01012661
56.12,91.78,84.08,1,62.81,1.62,73,50.66,Urban,0.24,S01007952
82.44,98.32,86.81,2,76.47,13.75,69.8,51.72,Urban,0.08,S01010396
84.4,95.51,92.39,3,62.85,1.45,75.8,49.95,Rural,0.09,S01007379
61.44,89.67,81.92,1,65.17,15.3,69.8,51.48,Urban,0.31,S01010499
63.73,67.34,84.96,3,72.61,22.92,71.8,48.81,Urban,0.06,S01006528
96.24,96.08,98.74,3,69.11,3.77,78.6,49.68,Rural,0.02,S01010532
57.92,79.26,82.36,4,63.93,11.22,71.8,49.38,Urban,0.06,S01006738
85.15,90.07,87.16,2,62.58,3.71,68.3,51.34,Urban,0.15,S01007609
82.25,92.8,93.92,3,89.99,28.84,73.9,50.67,Urban,0.05,S01008665
74.73,91.6,86.68,3,73.87,9.28,69.8,49.98,Urban,0.08,S01010422
56.25,90.95,87.63,2,61.46,3.75,76.9,50.96,Urban,0.08,S01012645
80.1,79.3,90.57,3,66.8,3.41,78.6,49.75,Urban,0.06,S01010510
74.18,94.41,82.81,2,64.3,1.3,69.7,49.69,Rural,0.13,S01011692
67.97,80.84,79,1,71.5,3.73,77.1,47.18,Urban,0.18,S01012102
93.98,98.79,95.65,4,64.96,1.97,78.6,49.21,Rural,0.04,S01010669
91.78,97.56,98.27,4,68.31,3.17,79.3,50.68,Urban,0.09,S01012285
56.19,93.53,78.82,3,63.27,1.69,73.6,52.34,Urban,0.09,S01008310
95.7,100,96.85,2,60.28,1.52,68.3,49.59,Rural,0.11,S01007550
77.58,88.86,93.65,4,59.9,3.91,75.3,47.78,Rural,0.04,S01011045
96.22,98.69,97.85,3,60.96,2.77,68.3,50.07,Rural,0.08,S01007503
66.27,72.36,77.62,1,69.26,3.02,69.8,49.12,Urban,0.19,S01010184
83.38,91.84,93.23,3,57.03,2.96,78.6,52.54,Rural,0.15,S01010770
60.79,62.9,92.68,1,62.88,4.45,68.2,51.9,Urban,0.26,S01010842
53.01,81.08,77.2,2,65.66,21.01,73.9,51.14,Urban,0.15,S01008557
42.04,61.18,75.12,4,66.09,9.41,75.2,49.91,Urban,0.04,S01009138
87.61,97.03,92.83,4,63.28,12.26,73.9,51.35,Urban,0.02,S01008610
71.62,98.34,86.73,3,58.88,9.36,78.6,50.92,Rural,0.04,S01010546
65.89,89.14,83.35,5,61.23,14.37,71.8,51.14,Urban,0.03,S01006545
80.11,88.94,92.23,3,64.24,6.24,75.3,51.61,Urban,0.11,S01011893
80.4,100,93.89,3,61.45,5.15,68.3,49.95,Urban,0.09,S01007661
41.68,78.63,67.61,4,69.5,16.11,73.6,47.03,Urban,0.04,S01008331
100,100,100,2,62.7,3.68,79.3,49.86,Rural,0.09,S01012300
75.74,91.16,87.57,2,59.67,1.14,68.3,50.11,Urban,0.1,S01007678
69.25,93.67,86.42,1,63.86,10.25,68.3,51.32,Urban,0.26,S01007612
58.85,85.45,83.48,4,56.28,5.12,71.7,52.33,Urban,0.06,S01007758
75.28,90.52,95.15,4,57.54,6.32,75.3,51.13,Rural,0.04,S01008263
56.68,87.85,88.82,5,62.83,3.63,79.5,49.69,Rural,0.02,S01006982
65.85,74.11,77.12,5,68.33,13.4,71.8,49.5,Urban,0.02,S01006571
34.63,85.25,75.93,2,67.91,4.6,76.9,49.71,Urban,0.12,S01012792
67.54,97.11,89.66,3,78.89,25.26,71.7,51.63,Urban,0.07,S01007693
83.29,92.19,89.78,4,60.74,0.96,83.7,50.1,Rural,0.04,S01011817
86.77,96.31,95.01,2,55.94,2.27,78.6,50.08,Rural,0.14,S01010767
71.71,87.18,90.7,5,65.52,10.01,73.9,52.73,Urban,0.01,S01008627
58.52,65.82,87.79,1,61.49,1.19,76.9,51.07,Urban,0.19,S01012602
57.24,82.26,79.87,1,68.45,23.34,71.7,47.68,Urban,0.19,S01007716
98.63,100,96.63,4,58.2,2.79,74.6,51.15,Rural,0.06,S01012412
75.32,82.78,87.42,5,69.99,13.4,71.8,50.34,Urban,0.02,S01006571
49.79,75.72,82.25,4,65.4,6.23,70.4,50.41,Urban,0.04,S01009360
43.18,67.74,75.52,4,68.72,10.22,74.5,50.53,Urban,0.06,S01013309
64.57,93.5,89.52,3,61.55,2.37,70.4,50.79,Rural,0.09,S01009666
53.21,78.64,87.98,4,65.62,3.58,76.9,50.96,Urban,0.04,S01012928
64.77,72.55,85.24,1,65.78,1.71,72.8,50.26,Urban,0.17,S01013228
64.22,86.73,81.23,2,67.78,23.84,73.9,49.34,Urban,0.11,S01008583
78.96,92.54,86.76,3,60.91,1.8,79.5,49.68,Rural,0.07,S01007001
62.18,92.28,85.88,3,64.08,3.64,79.5,50.58,Rural,0.09,S01006815
78.76,92.32,96.09,4,65.99,5.91,75.3,52.49,Urban,0.07,S01008176
75.14,90.8,87.01,4,63,7.53,75.3,49.71,Urban,0.03,S01011968
74.08,94.13,93.35,4,63.09,3.52,70.4,50.27,Urban,0.07,S01009389
55.14,86.49,87.37,4,62.94,3.14,79.5,50.52,Urban,0.06,S01006905
87.18,97.05,92.92,3,53.48,3.98,83.7,52.38,Rural,0.08,S01011830
33.16,70.3,68.45,2,66.44,3.6,69.7,51.09,Urban,0.1,S01011706
50.5,81.99,83.78,3,59.99,1.59,79.3,50.59,Urban,0.04,S01012352
31.67,73.93,63.43,1,66.72,7.3,69.7,51.63,Urban,0.17,S01011522
87.64,100,89.53,4,58.11,6.1,75.8,50.94,Rural,0.03,S01007324
36.06,57.96,66.69,3,61.92,1.74,75.3,50.25,Rural,0.07,S01011062
80.9,95.16,87.91,2,57.34,4.84,79.3,51.67,Rural,0.17,S01012337
64.74,94.12,90.48,3,63.58,1.18,70.4,50.03,Urban,0.09,S01009424
58.55,60.28,77.64,3,80.11,23.4,69.8,48.6,Urban,0.07,S01010306
67.92,81.89,88.37,4,63.49,4.52,79.5,50.07,Urban,0.04,S01006891
51.63,81.65,73.87,2,64.82,1.19,69.7,50.75,Urban,0.1,S01011742
79.36,79.99,87.08,5,62.58,4.49,75.9,51.89,Urban,0.04,S01008111
57.88,82.49,79.78,2,62.79,4.06,70.4,51.51,Urban,0.1,S01009657
70.79,93.31,84.12,1,71.55,10.96,69.8,49.24,Urban,0.24,S01010311
63.98,90.44,84.93,2,61.09,3.42,75.9,50.64,Urban,0.17,S01008046
69.31,88.9,94.27,5,57.06,8.54,75.9,51.22,Urban,0.02,S01008077
71.97,96.49,90.51,2,65.29,1.73,67.7,49.73,Urban,0.16,S01011347
51.85,65.59,75.92,4,67.84,3.58,76.9,48.89,Urban,0.04,S01012928
89.64,96.18,90.72,4,58.43,1.16,75.8,50.7,Rural,0.06,S01007373
77.99,90.23,91.55,3,67.92,2.36,69.7,50.24,Urban,0.11,S01011754
91.81,89.44,97.96,4,61.03,1.33,74.8,50.87,Rural,0.04,S01013004
77.8,81.3,89.77,4,64.07,4.74,74.8,48.72,Rural,0.05,S01013120
28.53,69.05,73.34,5,64.92,1.66,69.7,50.72,Urban,0.04,S01011797
56.2,84.42,84.38,1,62.84,1.27,67.7,50.07,Urban,0.25,S01011294
69.71,78.49,88.99,3,67.42,6,71.8,50.93,Urban,0.09,S01006607
69.04,93.11,91.15,1,69.12,11.97,77.1,49.37,Urban,0.26,S01012070
66.64,92.14,87.38,4,60.41,3.33,70.4,51.57,Rural,0.06,S01009469
77.39,83.96,91.08,4,64.03,2.55,75.2,50.57,Urban,0.05,S01009259
79.57,84.47,87.66,3,64.35,6.24,75.3,50.29,Urban,0.11,S01011893
58.86,80.74,81.89,2,67,10.48,74.5,49.45,Urban,0.11,S01013414
53.76,78.89,66.27,1,62.46,1.03,76.9,50.26,Rural,0.15,S01012590
71.66,94.35,94.19,2,65.6,6.67,77.1,49.8,Urban,0.11,S01012183
83.23,85.01,90.89,4,62.19,13.75,78.6,51.44,Urban,0.04,S01010628
76.08,79.91,93.05,2,67.01,11.53,69.8,51.74,Urban,0.08,S01010001
75.39,82.86,88.62,1,67.58,31.91,69.8,49.19,Urban,0.2,S01010427
91.24,97.01,92.82,5,66.89,18.34,71.8,50.69,Urban,0.03,S01006734
86.76,84.28,91.29,3,58.4,7.95,78.6,50.7,Rural,0.06,S01010533
76.58,92.52,85.63,2,62.04,4.69,78.6,50.33,Rural,0.13,S01010527
78.97,94.46,94.1,3,65.4,6.42,78.6,50.83,Urban,0.1,S01010654
78.76,93.56,88.24,3,57.62,3.28,75.8,48.89,Rural,0.05,S01007329
88.52,94.38,95.98,3,58.74,1.65,74.8,50.36,Rural,0.08,S01013017
88.65,95,94.15,3,59.56,1.95,71.9,51.09,Urban,0.07,S01012524
43.16,71.47,79.52,4,67.04,3.58,76.9,50.92,Urban,0.04,S01012928
84.63,89.1,86.06,3,61.34,2.39,72.2,50.91,Urban,0.09,S01007273
64.55,83.48,88.66,4,66.25,3.58,76.9,51.48,Urban,0.04,S01012928
85.61,94.56,92.6,2,68.22,3.96,69.8,50.03,Urban,0.13,S01010470
84.15,96.67,95.1,1,63.12,3.76,69.7,49.94,Urban,0.21,S01011474
82.76,92.01,89.71,2,65.06,2,78.6,48.97,Rural,0.11,S01010672
71.03,91.4,89.83,3,64.66,5.91,73.9,50.47,Urban,0.08,S01008975
64.93,77.83,85.34,3,63.25,5.91,73.9,51.01,Urban,0.08,S01008975
90.16,100,94.81,2,55.94,1.88,78.6,50.47,Rural,0.08,S01010765
88.53,96.42,95.01,1,60.97,6.8,75.3,50.45,Urban,0.15,S01008256
23.09,77.06,60.94,3,67.01,4.05,76.9,50.15,Urban,0.09,S01012688
70.92,84.62,89.19,3,58.56,1.91,81,47.81,Rural,0.06,S01009026
87.73,91.31,97.46,3,58.36,1.95,68.3,50.11,Rural,0.07,S01007647
47.11,84.56,71.32,1,65.75,1.91,74.5,49.14,Urban,0.23,S01013248
60.93,84.94,86.1,3,55.94,3.06,67.7,51.25,Urban,0.09,S01011329
89.67,93.89,94.95,5,60.99,1.53,75.3,49.89,Rural,0.05,S01008291
60.29,81.26,89.27,4,62.44,2.2,79.5,49.74,Rural,0.02,S01006801
79.74,93.38,95.31,2,78.61,22.75,73.9,48.22,Urban,0.14,S01008774
82.26,79.58,89.78,2,83.96,24.36,73.9,48.34,Urban,0.13,S01008793
58.8,85.86,79.29,2,64.59,1.91,75.9,50.34,Urban,0.12,S01008160
74.34,96.77,89.19,3,64.3,8.25,74.6,48.94,Rural,0.05,S01012395
67.34,78.78,80.78,1,62.26,2.11,70.4,51.24,Urban,0.15,S01009553
69.24,89.45,85.07,3,88.17,28.84,73.9,46.17,Urban,0.05,S01008665
72.93,90.01,92.85,2,65.67,3.03,72.8,50.31,Urban,0.12,S01013195
71.39,94.61,95.33,4,60.95,3.69,74.6,49.91,Rural,0.03,S01012388
52.41,59.1,81.98,3,65.8,1.69,73.6,51.15,Urban,0.09,S01008310
74.14,93.38,88.31,3,65.17,8.42,73.9,51.86,Urban,0.04,S01008577
54.29,84.7,83.49,1,65.09,4,70.4,51.14,Urban,0.19,S01009338
62.01,89.48,80.45,4,64.45,1.23,76.9,52.22,Urban,0.05,S01012808
58.57,81.41,75.39,2,65.6,8.72,74.5,50.83,Urban,0.13,S01013459
73.02,95.79,90.98,3,77.7,18.93,73.9,49.96,Urban,0.11,S01008792
81.21,87.46,95.36,3,75.99,26.97,71.8,46.81,Urban,0.1,S01006641
73.57,92.33,87.65,5,63.07,2.29,75.3,50.99,Rural,0.04,S01011093
83.43,87.09,93.79,2,62.8,6.14,74.5,50.85,Urban,0.13,S01013444
14.57,58.08,70.49,2,61.96,1.7,76.9,51.1,Urban,0.16,S01012630
40.47,71.13,81.11,3,64.64,3.36,77.4,51.97,Urban,0.08,S01010968
56.63,89.09,87.61,1,64.83,2.32,72.8,50.87,Urban,0.16,S01013223
92.88,91.26,93.48,3,60.36,2.94,78.6,48.11,Rural,0.06,S01010665
55.08,82.15,75.3,2,59.89,0.88,68.3,50.81,Urban,0.16,S01007492
86.85,98.56,95.21,4,57.8,3.24,78.6,48.84,Rural,0.04,S01010508
99.29,98.29,100,4,54.74,3.3,78.6,49.22,Rural,0.06,S01010689
72.47,90.05,84.6,1,67.92,4.55,71.7,48.78,Urban,0.37,S01007853
60.34,92.38,81.86,1,69.77,7.85,69.8,52.52,Urban,0.33,S01010114
50.41,91.27,75.16,2,63.24,1.27,70.4,52.27,Urban,0.15,S01009453
62.3,96.13,80.65,3,62.54,4,75.8,50.06,Rural,0.09,S01007317
58.88,87.04,75.8,2,62.94,0.88,68.3,49.17,Urban,0.16,S01007492
60.75,92.07,81.99,3,56.98,2.49,68.3,50.57,Rural,0.07,S01007632
58.09,86.56,83.38,2,57.82,0.88,68.3,51.78,Urban,0.16,S01007492
73.63,98.12,87.56,3,66.76,2.92,68.3,49.11,Urban,0.07,S01007622
55.65,80.29,82.48,1,65.31,2.01,68.2,50.75,Urban,0.18,S01010886
28.19,85.13,74.73,2,60.62,1.28,68.3,50.44,Urban,0.09,S01007636
48.01,66,83.6,2,66.18,1.85,69.7,50.31,Urban,0.12,S01011401
73,88.73,86.56,1,68.3,6.73,75.8,49.14,Rural,0.2,S01007295
74.2,89.97,90.24,2,60.97,6.21,72.2,51.68,Urban,0.11,S01007258
67.37,82.97,84.88,1,67.79,2.48,77.1,51.67,Urban,0.21,S01012046
46.32,77.2,81.65,2,62.09,9.29,79.5,50.12,Rural,0.15,S01007032
53.8,76.89,87.74,2,68.33,4.4,69.7,50.59,Urban,0.12,S01011453
80.12,76.64,95.42,3,85.87,30.18,73.9,52.92,Urban,0.06,S01008681
74.39,67.01,94.28,1,73.95,19.22,69.8,49.12,Urban,0.23,S01010043
78.37,89.02,92.55,3,64.01,2.85,78.6,49.83,Rural,0.04,S01010507
54.6,76.33,73.74,3,65.42,2.2,69.7,47.7,Urban,0.12,S01011417
85.92,92.26,83.67,5,81.25,21.04,73.9,41.85,Urban,0.01,S01008621
70.47,83.92,91.49,4,62.33,1.23,70.4,50.3,Urban,0.05,S01009609
61.1,89.48,87.25,3,63.96,2.65,73,50.89,Urban,0.08,S01007979
51.99,82.51,83.66,3,65.74,19.58,71.7,49.99,Urban,0.07,S01007733
57.56,76.43,80.48,4,63.52,6.43,75.3,51.1,Urban,0.03,S01011118
72.4,69.18,88.48,1,70.07,17.11,69.8,48.1,Urban,0.19,S01010360
79.64,78.39,81.11,2,67.37,18.14,75.3,49.75,Urban,0.11,S01011937
66.23,92.28,86.96,4,65.62,3.58,76.9,51.32,Urban,0.04,S01012928
77.99,91.14,94.28,2,60.4,2.77,71.9,51.88,Urban,0.13,S01012439
53.19,91.87,89.2,1,66.67,1.75,69.8,50.98,Urban,0.22,S01010086
63.15,83.17,79.22,2,78.32,15.25,69.8,50.79,Urban,0.07,S01010238
68.89,75.58,85.51,5,85.32,35.41,73.9,53.28,Urban,0.01,S01008666
53.61,85.74,77.64,2,63.99,1.27,70.4,50.28,Urban,0.15,S01009453
76.39,95.86,86.32,5,60.52,9.55,73.6,50.96,Urban,0.01,S01008343
57.13,78.6,80.95,3,66.97,1.22,76.9,49.14,Rural,0.07,S01012584
46.42,77.21,81.47,4,66.54,9.41,75.2,50.5,Urban,0.04,S01009138
66.84,93.58,90.37,2,70.26,14.16,69.8,49.23,Urban,0.09,S01009955
43.71,84.17,79.35,2,59.86,4.22,79.3,49.92,Rural,0.08,S01012320
52.02,70.85,67.78,1,62.72,2.51,70.4,50.5,Urban,0.24,S01009633
81.78,88.1,89.33,2,74.91,40.45,69.8,46.39,Urban,0.18,S01009863
76.7,92.06,86.14,4,77.54,20.72,73.9,49.88,Urban,0.04,S01008788
73.79,96.42,89.58,1,66.6,26.91,71.7,50.08,Urban,0.19,S01007728
57.54,76.28,87.59,3,66.55,5.99,70.4,49.73,Urban,0.08,S01009309
73.88,93.13,91.62,3,61.14,5.3,75.8,52.5,Urban,0.08,S01007397
76.44,97.65,92.43,1,62.92,14.17,73.9,50.45,Urban,0.32,S01008712
20.51,52.65,59.86,3,61.4,2.75,79.5,50.36,Rural,0.07,S01007059
65.28,69.15,88.24,5,63.39,2.96,77.1,50.92,Rural,0.04,S01012019
73,97.34,85.25,5,57.71,4,72.2,52.33,Urban,0.03,S01007150
65.1,95.92,85.2,5,61.08,1.95,75.3,51.96,Urban,0.01,S01011139
56.84,71.23,77.33,4,63.79,1.76,76.9,51.65,Urban,0.05,S01012661
67.83,89.13,91.46,5,68.65,14.4,73.9,51.68,Urban,0.02,S01008636
62.36,82.67,82.71,1,64.54,7.3,69.7,51.69,Urban,0.17,S01011522
79.66,86.72,93.37,3,74.37,15.43,69.8,51.61,Urban,0.06,S01009904
39.76,84.97,80.53,1,64.69,2.6,68.2,51.03,Urban,0.23,S01010888
54.04,92.78,79.79,1,64.21,2.63,70.4,51.21,Urban,0.14,S01009623
92.4,93.22,89.72,5,62.7,3.87,72.2,50.54,Rural,0.02,S01007129
61.45,84.15,85.36,1,72.61,9.41,73.9,49.13,Urban,0.13,S01008931
77.44,94.61,91.08,3,60.64,3.77,75.8,51.55,Rural,0.05,S01007286
69.78,96.8,85.13,3,54.79,1.91,68.3,48.82,Rural,0.1,S01007501
76.76,84.17,92.74,4,60.96,2.71,78.6,51.49,Rural,0.05,S01010724
86.47,87.76,89.12,5,66.76,3.78,74.5,51.17,Urban,0.03,S01013274
95.73,96.97,95.89,4,65.91,9.42,73.9,50.88,Urban,0.04,S01008880
67.66,85.27,91.28,5,63.53,3.92,73.9,52.12,Urban,0.02,S01008876
75.05,91.61,90.94,2,60.51,3.29,78.6,50.67,Urban,0.14,S01010556
63.21,69.11,81.22,4,65.94,5.02,69.7,52.24,Urban,0.03,S01011701
77.59,91.47,87.91,2,63.76,1.54,73.6,52.21,Urban,0.13,S01008300
70.8,86.08,94.11,4,75.55,30.23,71.7,49.82,Urban,0.05,S01007691
55.7,81.55,86.81,3,64.09,9.23,70.4,51.09,Urban,0.06,S01009312
47.47,80.16,78.06,5,61.68,3.22,71.8,50.28,Urban,0.03,S01006754
57.52,81.04,88.55,4,64.31,1.75,70.4,50.07,Urban,0.04,S01009325
44.87,87.86,81.64,1,65.56,0.92,68.2,49.76,Urban,0.25,S01010911
84.24,92.82,92.95,2,67.6,3.13,69.7,49.28,Urban,0.09,S01011459
59.32,93.57,86.42,2,65.56,0.68,77.4,51.54,Urban,0.1,S01011031
75.47,89.68,84.53,2,60.37,2.78,70.4,50.9,Rural,0.1,S01009679
45.6,87.98,64.96,3,79.01,24.83,71.8,48.78,Urban,0.05,S01006586
56.42,86.95,84.96,3,64.79,1.59,77.4,50.37,Urban,0.07,S01011042
89.28,99.02,97.58,3,57.31,1.04,79.3,48.96,Rural,0.09,S01012354
67.88,92.81,86.04,1,69.33,7.85,69.8,51.16,Urban,0.33,S01010114
73.48,86.06,82.83,2,67.48,10.48,74.5,50.24,Urban,0.11,S01013414
82.85,84.88,91.04,4,62.81,4.87,70.4,50.83,Urban,0.05,S01009480
59.67,79.35,83.09,1,71.98,21.4,73.9,48.76,Urban,0.17,S01008705
77.51,87.81,90.24,2,65.39,66.41,69.8,51.44,Urban,0.06,S01009885
44.69,61.43,80.86,3,67.22,4.38,76.9,50.21,Urban,0.09,S01012845
69.4,85.55,95.79,4,57.49,3.69,75.3,51.65,Rural,0.03,S01008273
70.6,83.5,93.19,1,64.03,3.15,70.4,50.44,Urban,0.23,S01009600
87.02,99.13,96.22,3,57.59,1.94,81,49.17,Rural,0.06,S01009024
94.68,98.34,97.1,3,57.16,1.8,81,49.89,Rural,0.07,S01009022
81.59,76.13,97.61,4,72.37,11.32,69.8,50.65,Urban,0.02,S01010404
41.43,86.59,80.63,2,64.31,4.55,76.9,50.65,Urban,0.16,S01012717
57.62,79.13,83.93,1,64.3,1.71,72.8,51.28,Urban,0.17,S01013228
61.28,80.42,82.86,1,63.51,2.18,70.4,50.23,Urban,0.14,S01009270
55.45,81.27,75.19,1,69.27,7.85,69.8,50.85,Urban,0.33,S01010114
57.8,80.84,79.01,1,65.24,2.34,72.9,50.55,Urban,0.24,S01007460
57.81,73.52,81.82,2,65.45,1.92,75.2,50.75,Urban,0.15,S01009100
58.27,74.71,80.56,1,60.43,7.9,79.3,50.84,Urban,0.18,S01012363
66.42,75.29,84.06,2,65.94,2.57,72.8,50.21,Urban,0.1,S01013176
46.14,84.58,79.97,3,64.9,0.76,69.7,49.95,Urban,0.1,S01011540
50.55,65.7,80.75,1,69.56,27.13,71.8,49.3,Urban,0.22,S01006667
94.4,97.48,95.25,4,56.04,0.96,83.7,47.63,Rural,0.04,S01011817
85.92,84.9,95.29,5,65.93,27.55,74.8,52.12,Urban,0.02,S01013071
47.55,84.13,79.54,4,66.65,2.72,69.7,49.82,Urban,0.03,S01011480
87.15,94.66,98.7,2,62.49,3.01,75.3,51.36,Rural,0.11,S01008237
93.67,94.32,97.14,5,60.5,1.99,75.3,50.9,Rural,0.03,S01011834
74.04,87.2,80.49,3,65.09,1.41,76.9,52.23,Urban,0.07,S01012860
69.63,92.16,87.69,1,69.33,1.27,67.7,54.47,Urban,0.25,S01011294
47.43,82.47,81.16,1,66.57,26.94,71.7,47.95,Urban,0.18,S01007729
76.19,83.83,83.52,4,63.33,6.41,74.8,50.59,Urban,0.07,S01013060
72.85,85.5,82.46,3,67.25,4.78,70.4,49.5,Urban,0.08,S01009367
86.25,79.13,92.44,4,64.52,6.41,74.8,51.35,Urban,0.07,S01013060
70.53,83.81,89.08,3,68.07,6.17,73.9,51.58,Urban,0.09,S01008949
55.21,76.01,85.98,4,66.41,2.18,75.2,50.98,Urban,0.05,S01009214
80.1,94.79,88.21,3,70.08,1.41,76.9,50.05,Urban,0.07,S01012860
83.08,91.23,90.45,2,64.32,1.92,75.2,50.8,Urban,0.15,S01009100
61.65,85.56,79.32,4,64.56,11.08,70.4,49.77,Urban,0.06,S01009526
80.62,85.37,95.89,3,65,3.98,77.4,50.72,Rural,0.05,S01011019
59.93,80.53,83.14,2,76.3,13.75,69.8,42.12,Urban,0.08,S01010396
72.94,97.37,92.47,2,64.55,6.03,75.9,50.8,Urban,0.14,S01008133
75.9,95.81,91.36,2,62.5,2.93,77.4,50.75,Urban,0.15,S01010936
79.34,81,86.48,1,70.1,8.36,69.8,50.7,Urban,0.11,S01010435
63.19,62.08,88.75,1,65.46,18.1,75.3,49.44,Urban,0.18,S01011943
58.99,87.62,83.07,4,61.86,6.66,71.8,50.49,Urban,0.04,S01006511
41.78,62.87,75.9,2,65.58,6.71,79.5,50.26,Urban,0.12,S01007080
68.44,75.45,87.6,4,74.87,14.88,70.4,54.47,Urban,0.04,S01009730
86.86,94,95.27,5,63.45,3.71,70.4,52.26,Rural,0.04,S01009745
70.83,86.6,93.92,1,68.75,8.82,69.8,49.15,Urban,0.31,S01009935
60.36,63.35,89.33,4,63.27,2.18,75.2,51.43,Urban,0.05,S01009214
76.99,92.97,88.7,3,83.46,28.84,73.9,49.33,Urban,0.05,S01008665
88.44,92.42,94.12,3,62.26,2.84,75.8,51.26,Rural,0.07,S01007328
75.18,73.32,92.01,1,67.31,1.09,68.2,50.05,Urban,0.15,S01010918
47.52,81.88,78.14,1,65.28,2.87,73,51.25,Urban,0.18,S01008013
82.18,88.06,91.72,5,65.76,3.36,79.5,49.7,Rural,0.02,S01006852
86.4,93.83,96.37,3,61.53,3.78,78.6,50.53,Rural,0.07,S01010679
68.87,67.38,85.48,1,74.02,36.17,69.8,44.92,Urban,0.18,S01009890
81.38,93.07,92.97,2,66.12,1.6,75.3,51.2,Urban,0.12,S01008204
70.05,89.56,89.67,4,66.56,3.26,70.4,50.97,Urban,0.05,S01009364
70.37,91.59,82.1,1,69.03,17.18,71.7,49.33,Urban,0.19,S01007709
72.05,89.29,85.42,3,61.57,3.08,77.4,51.3,Urban,0.09,S01010983
56.16,89.37,81.88,1,63.75,2.48,77.1,53.03,Urban,0.21,S01012046
79.65,81.32,89.74,3,78.09,39.84,69.8,49.14,Urban,0.03,S01010295
80.75,89.01,93.13,3,80.5,24.85,69.8,52.15,Urban,0.1,S01009909
74.44,91.56,86.66,4,58.91,4.51,71.9,51.46,Urban,0.08,S01012484
80.43,95.82,87.95,3,63.11,2.59,73.9,50.38,Rural,0.09,S01008994
85.08,85.8,95.37,2,59.26,3.39,72.2,52.17,Urban,0.12,S01007259
68.89,89.16,87.01,1,67.85,3.55,77.1,52.65,Urban,0.2,S01012045
62.96,80.04,90.13,3,65.97,6.24,75.3,49.21,Urban,0.11,S01011893
58.83,75.09,81.91,1,66.77,3.69,72.8,51.47,Urban,0.2,S01013128
77.73,89.4,94.98,1,72.65,58.13,69.8,45.46,Urban,0.16,S01009875
73.37,90.1,88.19,2,61.12,6.03,75.9,51.33,Urban,0.14,S01008133
58.2,79.61,82.48,1,74.06,15.07,73.9,49.97,Urban,0.25,S01008760
85.72,86.98,89.85,4,61.66,2.2,75.3,49.75,Rural,0.05,S01011049
65.61,71.11,87.19,2,66.55,12.18,78.6,49.33,Urban,0.09,S01010631
63.97,95.27,88.25,2,61.44,1.16,73,50.75,Rural,0.16,S01007877
21,64.87,72.5,4,68.17,5.91,75.3,51.98,Urban,0.07,S01008176
51.94,65.01,83.23,4,62.54,2.95,78.6,50.52,Rural,0.06,S01010781
67.38,89.41,74.36,2,65.46,1.41,69.7,52.93,Urban,0.12,S01011431
70.96,85.47,88.77,5,63.98,4.82,77.4,51.78,Rural,0.03,S01010957
58.83,89.52,88.24,2,63.4,2.35,70.4,50.36,Urban,0.14,S01009586
64.74,62.75,88.91,2,65.28,10.29,79.3,48.52,Urban,0.14,S01012275
67.26,76.85,81.87,5,65.42,13.4,71.8,51.04,Urban,0.02,S01006571
47.21,79.53,81.29,4,77.61,30.23,71.7,53.19,Urban,0.05,S01007691
62.52,93.69,86.31,1,64.45,0.98,67.7,52.56,Urban,0.31,S01011239
33.34,72.91,68.4,3,63.42,7.04,79.5,50.72,Urban,0.09,S01007123
93.11,100,95.88,2,59.11,1.66,68.3,51.64,Rural,0.1,S01007499
92.25,100,96.91,4,51.43,6.1,75.8,50.71,Rural,0.03,S01007324
92.17,97.93,96.68,3,62.33,7.62,74.6,49.28,Rural,0.07,S01012404
64.55,84.48,75.85,1,78.53,17.48,69.8,44.57,Urban,0.25,S01010436
70.31,92.66,86.06,2,62.62,7.64,71.8,50.49,Urban,0.09,S01006779
85.8,93.32,87.83,3,62.95,3.11,78.6,46.51,Rural,0.06,S01010815
94.52,95.19,97.43,3,59.56,1.58,75.3,50.7,Rural,0.1,S01011081
47.2,69.26,86.94,3,58.94,2.52,79.3,50.55,Urban,0.1,S01012384
69.27,77.99,80.38,1,71.01,10.66,69.8,49.48,Urban,0.25,S01010425
77.48,73.31,89.87,4,74.76,15.8,69.8,52.08,Urban,0.04,S01009918
100,99.44,96.95,3,61.82,5.02,68.3,51.16,Rural,0.11,S01007595
91.08,93.98,93.8,5,63.89,6.7,73.6,50.93,Urban,0.02,S01008377
37.84,67.32,66.58,1,79.77,58.13,69.8,33.79,Urban,0.16,S01009875
59.26,84.53,86.06,3,67.72,14.6,73.9,49.82,Urban,0.07,S01008468
86.92,97.99,92.6,3,69.07,4.38,76.9,51.22,Urban,0.09,S01012845
72.42,76.71,86.37,2,68.57,10.48,74.5,50.41,Urban,0.11,S01013414
72.98,89.98,86.07,5,63.57,7.83,79.5,50.35,Urban,0.04,S01006941
83.19,76.89,93.53,4,63.48,0.96,83.7,50.53,Rural,0.04,S01011817
84.13,93.63,87.55,1,65.73,2.64,75.2,49.76,Rural,0.18,S01009184
67.09,81.44,91.26,3,75.89,18.96,73.9,49.02,Urban,0.09,S01008492
94.9,92.45,100,4,60.8,2.07,78.6,52.26,Rural,0.03,S01010504
83.62,90.39,97.05,4,55.23,0.51,68.3,51.55,Rural,0.09,S01007527
44.75,75.28,79.63,1,64.16,1.93,67.7,51.05,Urban,0.34,S01011243
98.7,98.47,98.49,3,53.81,2.46,81,50.09,Rural,0.07,S01009023
82.64,85.54,91.39,4,64.33,3.6,73.9,50.81,Urban,0.04,S01009008
85.6,91.64,98.77,3,60.93,4.82,78.6,49.28,Rural,0.08,S01010673
83.71,91.16,90.07,3,58.75,0.96,81,48.66,Rural,0.1,S01009017
91.87,99.29,92.96,1,55.71,2.9,68.3,49.64,Rural,0.15,S01007511
84.1,94.55,90.25,1,64.41,14.17,73.9,50.72,Urban,0.32,S01008712
84.17,92.7,95.83,4,64.12,4.19,78.6,51.09,Urban,0.1,S01010626
63.97,85.16,93.83,5,63.54,4.49,75.9,51.9,Urban,0.04,S01008111
74.94,94.75,93.5,3,83.12,24.22,73.9,47.79,Urban,0.11,S01008498
66.98,93.78,79.29,3,64.48,11.94,70.4,50.95,Urban,0.12,S01009479
72.73,90.91,82.8,3,87.74,30.18,73.9,55.33,Urban,0.06,S01008681
67.07,83.8,89.53,1,63.67,1.19,76.9,50.82,Urban,0.19,S01012602
85.34,89.89,90.16,4,62.04,8.64,75.3,50.18,Urban,0.05,S01011854
82.11,99.23,86.57,1,63.33,7.63,68.3,51.06,Urban,0.16,S01007611
71.02,88.58,93.01,3,61.29,2.55,79.3,50.5,Urban,0.07,S01012266
62.15,80.6,79.18,5,61.02,1.99,75.3,51.46,Rural,0.03,S01011834
73.62,88.65,86.37,3,67.9,8.26,73.9,51.81,Urban,0.06,S01008742
60.31,85.9,92.42,3,63.29,5.92,75.3,49.84,Rural,0.09,S01011996
76.72,94.31,93.3,4,61.84,2.31,71.9,50.27,Urban,0.07,S01012518
63.7,84.43,80.85,2,66.79,1.92,75.2,51.59,Urban,0.15,S01009100
84.64,84.44,95.45,4,69.41,4.75,69.7,50.67,Urban,0.03,S01011703
56.82,87.34,82.23,2,63.72,3.2,67.7,49.96,Urban,0.12,S01011268
65.66,88.11,89.23,2,62.7,2.86,73,51.13,Urban,0.14,S01007935
56.63,94.48,86.2,5,63.54,5.71,79.5,50.45,Urban,0.01,S01006833
85.6,85.16,94.23,4,62.45,4.46,79.3,49.6,Rural,0.05,S01012272
61.05,85.95,86.28,4,66.42,1.68,76.9,48.95,Urban,0.07,S01012922
99.34,100,99.22,4,62.75,2.05,79.5,49.75,Rural,0.06,S01006791
46.73,84.26,82.2,3,62.77,3.08,77.4,52.05,Urban,0.09,S01010983
59.92,63.53,91.46,5,61.06,3.95,77.1,50.64,Rural,0.01,S01012030
70.2,94.84,84.51,1,60.63,13.95,75.3,49.79,Rural,0.12,S01011993
87.25,97.07,91,3,61.8,6.27,78.6,51.28,Rural,0.07,S01010696
98.12,100,99.42,4,60.47,5.61,83.7,51.36,Rural,0.03,S01011805
82.9,85.84,93.29,4,73.32,15.87,73.9,49.28,Urban,0.03,S01008821
68.17,95.14,86.27,2,62.49,0.38,73,50.58,Urban,0.13,S01007889
66.24,89.35,93.32,2,60.29,2.39,78.6,50.4,Rural,0.17,S01010753
76.38,90.95,90.19,2,58.65,2.39,78.6,50.3,Rural,0.17,S01010753
53.98,78.34,79.32,2,65.09,4.25,71.9,50.42,Urban,0.12,S01012487
49.06,73.27,72.82,1,69.19,3.37,77.1,47.26,Urban,0.35,S01012067
55.59,82.92,83.62,2,61.94,1.19,73,50.45,Rural,0.16,S01007918
98.31,97.28,96.61,3,60.94,3.42,75.8,49.52,Rural,0.09,S01007322
66.71,93.3,79.5,4,79.15,30.23,71.7,50.35,Urban,0.05,S01007691
63.93,87.34,87.53,2,66.43,19.65,71.7,51.05,Urban,0.12,S01007732
84.28,92.16,90.84,4,61.86,5.28,75.8,50.38,Rural,0.06,S01007301
48.35,76.4,85.74,3,60.03,3.4,70.4,51.3,Urban,0.05,S01009754
76.6,76.36,92.82,2,57.46,6.15,71.9,51.73,Urban,0.13,S01012566
77.45,93.41,88.66,1,65.89,26.91,71.7,51.14,Urban,0.19,S01007728
59.62,67.08,85.82,2,61.39,2.66,79.3,50.02,Urban,0.12,S01012366
72.53,94.82,84,1,63.93,9.7,72.2,50.7,Urban,0.13,S01007187
43.14,82.52,81.28,3,64.3,2.75,76.9,52.07,Urban,0.1,S01012664
71.75,65.79,94.22,1,71.3,26.48,69.8,47.36,Urban,0.21,S01010225
75.92,90.2,88.97,1,71.28,9.48,77.1,49.45,Urban,0.22,S01012153
85.35,89.53,93.89,3,60.73,4.45,75.3,49.38,Rural,0.11,S01011870
86.16,96.23,97.58,1,71.41,10.89,69.8,50.97,Urban,0.2,S01010415
75.03,88.35,88.96,2,56.42,1.15,75.8,50.21,Rural,0.15,S01007348
60.63,86.09,82.97,1,67.48,6.61,69.8,50.31,Urban,0.25,S01010147
65.24,63.47,75.88,1,65.1,8.36,69.8,47.96,Urban,0.11,S01010435
74.2,75.26,96.07,5,61.94,3.2,75.3,50.4,Rural,0.02,S01011962
75.62,79.06,86.53,2,61.44,9.84,71.9,50.51,Urban,0.15,S01012481
66.17,92.57,82.59,2,70.5,4.93,77.1,51.08,Urban,0.2,S01012129
58.25,78.69,87.78,2,65.69,4.93,77.1,50.65,Urban,0.2,S01012129
62.82,88.75,86.35,1,65.46,3.97,76.9,51.16,Urban,0.17,S01012831
48.93,91.35,85.75,1,69.11,6.34,74.5,49.59,Urban,0.23,S01013306
60.82,68.66,81.81,2,71.49,45.62,69.8,48.92,Urban,0.08,S01009870
86.91,89.76,91.08,1,69.93,1.35,69.8,49.53,Urban,0.19,S01009840
82.07,91.03,91.36,4,65.09,3.17,79.3,49.4,Urban,0.09,S01012285
60.11,95.26,87.24,5,67.71,5.07,69.7,50.49,Urban,0.03,S01011601
85.05,92.63,93.28,1,72.89,16.98,69.8,47.61,Urban,0.16,S01010305
56.92,76.3,86.95,3,64.43,12.12,73.9,51.03,Urban,0.08,S01008526
88.38,90.19,87.86,3,61.22,5.51,71.9,51.76,Urban,0.13,S01012482
70.92,95.95,87.01,3,59.97,2.99,75.8,50.25,Rural,0.06,S01007312
64.09,90.56,88.35,2,65.15,3.63,70.4,50.26,Urban,0.09,S01009562
59.2,56.54,86.64,1,72.99,19.02,69.8,46.69,Urban,0.17,S01010034
74.41,90.47,88.85,1,66.72,3.69,72.8,51.81,Urban,0.2,S01013128
88.39,95.04,92.7,4,73.41,15.31,73.9,52.65,Urban,0.04,S01008860
76.5,89.42,86.77,1,73.11,1.35,69.8,49.9,Urban,0.19,S01009840
85.84,95.26,90.93,1,68.55,9.48,77.1,51.15,Urban,0.22,S01012153
83.8,87.15,94.84,5,76.13,26.87,73.9,50.29,Urban,0.02,S01008856
78.44,96.1,94.44,3,62.92,3.84,81,51.05,Rural,0.1,S01009043
59.31,93.06,89.32,2,61.99,2.89,75.3,50.92,Urban,0.1,S01008210
78.75,79,92.27,1,62.94,0.92,68.2,50.31,Urban,0.25,S01010911
84.71,89.3,94.97,5,84.92,27.9,73.9,49.88,Urban,0.01,S01008845
76.91,95.45,91.62,1,66.26,9.48,77.1,51.67,Urban,0.22,S01012153
46.68,71.26,68.8,2,68.63,4.7,69.8,50.02,Urban,0.13,S01009989
66.08,90.92,89.6,2,64.61,11.53,69.8,48.29,Urban,0.08,S01010001
75.53,74.31,93.81,1,64.78,1.71,72.8,51.91,Urban,0.17,S01013228
75.94,88.73,93.22,2,61.25,3.58,70.4,49.55,Urban,0.15,S01009459
57.46,91.06,80.97,2,63.88,3.63,70.4,51.3,Urban,0.09,S01009562
83.2,90.19,92.59,3,67,9.64,73.9,51.35,Urban,0.09,S01008826
69.51,79.57,84.56,1,69.3,9.48,77.1,49.32,Urban,0.22,S01012153
91.25,87.99,93.15,5,59.15,5.63,73.6,52.28,Urban,0.03,S01008383
77.63,82.34,81.36,3,67.75,9.21,77.1,50.29,Urban,0.08,S01012134
64.33,92.68,88.76,3,58.77,4.91,68.3,50.15,Rural,0.07,S01007642
61.5,86.88,88.55,1,66.19,3.76,69.7,49.73,Urban,0.21,S01011474
44.69,74.72,86.73,1,66.29,1.75,69.8,51.73,Urban,0.22,S01010086
67.08,95.16,90.19,2,66.77,1.76,76.9,50.74,Urban,0.16,S01012974
59.61,86.43,88.81,3,61.9,8.35,79.3,51.01,Urban,0.09,S01012253
58.97,72.65,76.13,3,69.93,1.69,73.6,47.24,Urban,0.09,S01008310
65.24,89.94,86.42,1,67.01,3.69,72.8,50.79,Urban,0.2,S01013128
76.19,81.37,93.46,1,63.05,6.8,75.3,52.03,Urban,0.15,S01008256
89.88,96.04,93.71,4,63.52,2.95,78.6,47.7,Rural,0.06,S01010781
52.85,79.32,81.07,1,68.03,5.24,69.8,50.89,Urban,0.26,S01009775
78.84,86.12,90.4,4,60.61,4.95,73.9,50.82,Urban,0.05,S01008430
84.47,88.45,93.37,3,60.63,4.45,75.3,51.49,Rural,0.11,S01011870
78.33,87.84,92.73,4,57.27,4.56,75.8,51.04,Rural,0.05,S01007325
72.69,87.13,86.97,3,63.27,6.29,75.2,50.76,Urban,0.08,S01009257
63.89,84.07,83.95,2,65.83,3.03,72.8,51.63,Urban,0.12,S01013195
68.38,85.61,86.9,1,67.91,2.6,68.2,50.5,Urban,0.23,S01010888
74.51,94.51,88.41,4,69.59,10.21,73.9,49.26,Urban,0.04,S01008576
57.24,91.83,83.93,3,65.93,1.41,76.9,51.3,Urban,0.07,S01012860
79.84,96.41,88.6,3,60.69,5.51,71.9,50.9,Urban,0.13,S01012482
56.24,79.71,82.37,1,67.73,2.87,73,49.66,Urban,0.18,S01008013
67.48,89.6,86.68,5,61.7,2.36,75.3,51.57,Urban,0.02,S01011898
63.13,79.97,87.03,4,60.42,7.71,75.9,51.08,Urban,0.04,S01008054
72.37,78.51,88.49,2,65.22,4.32,75.9,51.26,Urban,0.15,S01008134
67.91,87.76,89.98,3,60.29,8.35,79.3,50.68,Urban,0.09,S01012253
71.29,57.51,89.45,2,82.87,23.35,73.9,50.34,Urban,0.14,S01008790
53.95,92.01,80.35,1,64.59,2.85,73,51.33,Urban,0.16,S01008012
39.44,77.92,69.28,1,66.71,2.34,72.9,50.55,Urban,0.24,S01007460
74.02,98.51,85.09,1,71.96,16.46,69.8,48.32,Urban,0.17,S01010244
66.3,84.2,89.45,2,65.78,8.72,74.5,49.36,Urban,0.13,S01013459
44.22,81.58,77.21,3,68.75,6.61,69.7,46.64,Urban,0.03,S01011643
70.55,95.44,89.62,3,58.65,1.39,68.3,51.72,Rural,0.07,S01007561
85.04,74.59,94.11,4,63.08,2.46,78.6,51.1,Rural,0.07,S01010805
86.62,95.33,90.27,2,68.25,8.18,69.8,51.03,Urban,0.09,S01009832
70.75,95.67,86.58,1,63.13,2.52,72.9,50.9,Urban,0.17,S01007436
57.71,70.96,79.7,3,66.91,6.61,69.7,52.21,Urban,0.03,S01011643
97.85,100,99.09,4,57.94,2,75.8,51.98,Rural,0.06,S01007284
82.74,95.31,86.98,1,67.88,8.23,69.8,49.71,Urban,0.25,S01010063
53.56,95.74,83.94,3,58.94,2.11,78.6,49.81,Rural,0.06,S01010811
84.09,82.53,91.95,2,65.21,3.6,74.8,51.13,Rural,0.13,S01013026
93.98,98.9,99.19,4,59.62,4.07,78.6,47.86,Rural,0.04,S01010688
78.28,95.41,93.05,2,61.83,4.76,72.2,50.91,Urban,0.16,S01007211
64.22,94.04,86.33,2,63.22,1.69,67.7,51.05,Urban,0.18,S01011228
32.88,88.95,73.76,1,64.59,3.18,75.3,50.92,Urban,0.17,S01008226
56.96,73.86,74.6,3,65.1,2,75.2,51.73,Urban,0.08,S01009106
36.57,87.6,82.37,3,61.2,3.41,79.5,50.11,Rural,0.07,S01007022
76.2,86.28,86.52,3,67.38,3.41,78.6,50.18,Urban,0.06,S01010510
90.15,92.53,96.1,1,63.32,6.8,75.3,50.49,Urban,0.15,S01008256
85.2,94.5,97.56,4,63.81,7.34,78.6,48.82,Rural,0.05,S01010692
95.72,97.56,96.52,3,51.41,3.61,74.6,48.26,Rural,0.06,S01012414
50.55,83.79,77.39,3,60.48,1.94,68.3,50.03,Rural,0.06,S01007555
56.3,69.34,83.62,1,62.16,1.24,73,50.46,Rural,0.19,S01007906
23.05,74.92,74.45,1,63.63,1.89,70.4,51.64,Urban,0.19,S01009280
61.14,72.65,86.5,2,61.15,1.91,75.3,51.83,Urban,0.09,S01011163
60.89,73.68,80.54,3,63.78,6.24,75.3,51.24,Urban,0.11,S01011893
37.91,63.15,76.83,4,67.15,6.41,74.8,50.48,Urban,0.07,S01013060
47.32,75.26,76.85,1,67.75,1.36,69.7,51.04,Urban,0.18,S01011539
68.31,76.77,92.22,2,64.8,1.92,75.2,51.63,Urban,0.15,S01009100
40.19,56.2,67.88,1,67.51,11,75.2,49.57,Urban,0.21,S01009142
46.03,75.53,72.4,1,62.17,2.38,70.4,51.44,Urban,0.15,S01009440
85.99,95.14,89.18,3,63.09,1.41,76.9,52.94,Urban,0.07,S01012860
70.65,96.51,87.51,5,67.95,5.07,69.7,50.15,Urban,0.03,S01011601
75.59,82.59,83.21,4,65.4,3.17,79.3,51.48,Urban,0.09,S01012285
78.32,84.89,93.98,5,69.81,20.45,69.8,50.34,Urban,0.02,S01009917
44.99,78.39,78.49,3,65.58,3.51,76.9,50,Urban,0.1,S01012781
32.44,71.62,70.61,3,67.95,6.61,69.7,50.79,Urban,0.03,S01011643
57.26,78.25,79.5,3,66.11,2.52,74.5,49.84,Urban,0.11,S01013256
88.82,94.01,96.84,4,76.59,32.68,73.9,50.51,Urban,0.05,S01008868
79.85,95.08,96.6,4,63.75,3.32,79.3,51.68,Rural,0.03,S01012246
76.47,93.31,86.34,1,63.35,4.45,72.2,50.52,Urban,0.17,S01007189
74.9,96.88,84.38,5,66.66,22.03,71.8,51.33,Urban,0.04,S01006563
52.85,84.67,90.8,4,65.56,3.17,75.2,50.43,Urban,0.06,S01009155
56.1,69.21,88.28,1,72.37,23.89,73.9,47.64,Urban,0.26,S01008451
73.44,89.85,93.49,1,65.35,2.48,77.1,47.65,Urban,0.21,S01012046
86.83,88.82,97.28,1,65.04,10.59,71.7,51.6,Urban,0.25,S01007844
64.54,87.97,83.86,1,70.32,17.97,69.8,47.7,Urban,0.22,S01010049
98.53,98.2,96.19,5,57.76,1.04,74.6,49.23,Rural,0.02,S01012415
57.67,79.24,84.61,3,68.52,7.31,73.9,50.16,Urban,0.06,S01008481
39.34,63.12,67.26,2,65.45,2.69,74.5,50.3,Urban,0.14,S01013376
61.88,88.05,82.35,1,75.41,10.66,69.8,46.3,Urban,0.25,S01010425
74.8,77.09,91.97,5,63.17,1.53,75.3,51.47,Rural,0.05,S01008291
75.06,83.3,85.77,1,64.82,1.82,71.7,52.12,Urban,0.24,S01007785
53.87,72.48,78.24,5,62.26,5.63,73.6,51.25,Urban,0.03,S01008383
49.8,80.22,76.69,2,69.07,1.85,69.7,55.78,Urban,0.12,S01011401
65.08,81.86,90.25,2,64.8,3.23,75.9,50.63,Urban,0.14,S01008130
63.53,84.39,79.27,1,69.29,29.82,71.8,48.86,Urban,0.26,S01006684
87.48,98.33,94.43,4,58.44,2.07,74.6,50.66,Rural,0.04,S01012413
75.02,88.41,91.37,2,64.63,18.14,75.3,49.88,Urban,0.11,S01011937
81.54,93.62,95.6,1,69.11,1.35,69.8,50.82,Urban,0.19,S01009840
66.06,93.44,82.4,3,71.54,7.92,69.8,49.6,Urban,0.07,S01010441
