GPPracticeName,ListSize,geometry,ListSizeQuintile,ListSize_capped_iqr
Muirhead Medical Centre,8102,"c(-3.06457460664086, 56.4957186869797)",2,8102
The Blue Practice,6620,"c(-3.8412820170768, 56.3705386216192)",2,6620
Aberfeldy And Kinloch Rannoch Medical Practice,4758,"c(-3.86915638067199, 56.6186539546028)",1,4758
Grove Health Centre,6075,"c(-2.88155178473357, 56.4687763566218)",2,6075
Alyth Health Centre,4385,"c(-3.2276747067959, 56.6182529247802)",1,4385
Arbroath Medical Centre,9188,"c(-2.57930583545413, 56.5591212009249)",2,9188
The Abbey Practice,6243,"c(-2.57879593485672, 56.5608936426049)",2,6243
"East Practice, Springfield Medical Centre",4506,"c(-2.57700420055489, 56.5607761784079)",1,4506
"West Practice, Springfield Medical Centre",7960,"c(-2.57700420055489, 56.5607761784079)",2,7960
St Margaret's Health Centre,10708,"c(-3.71585910140348, 56.2929846617743)",2,10708
Ardblair Medical Practice,7827,"c(-3.34423782893886, 56.5865593203669)",2,7827
Strathmore Surgery,3744,"c(-3.33925424346811, 56.5893088410607)",1,3744
Brechin Medical Practice,8409,"c(-2.64940730377276, 56.7339560574653)",2,8409
Carnoustie Medical Group,13103,"c(-2.73289961232952, 56.5005085135756)",3,13103
Comrie Medical Centre,2698,"c(-3.97607390434495, 56.3697481277002)",1,2698
Coupar Angus Medical Centre,5973,"c(-3.26427820275689, 56.5450208769895)",2,5973
The Red Practice,4183,"c(-3.8412820170768, 56.3705386216192)",1,4183
Park Avenue Medical Centre,4676,"c(-2.95424433977571, 56.4713569556662)",1,4676
Tay Court Surgery,8526,"c(-2.97604589870061, 56.4592816057252)",2,8526
Ancrum One,4772,"c(-3.00520064536498, 56.468753423103)",1,4772
Taybank Medical Centre,9404,"c(-2.95574246665234, 56.467661357924)",2,9404
Coldside Medical Practice,8931,"c(-2.97996529703579, 56.4759818749893)",2,8931
Westgate Medical Practice,10944,"c(-3.04388330346336, 56.466322600601)",3,10944
Princes Street Surgery,8763,"c(-2.95670382668343, 56.4671597486299)",2,8763
Broughty Family Healthcare,9231,"c(-2.87614727296712, 56.4667120087274)",2,9231
Hawkhill Medical Centre,11662,"c(-2.98935415118619, 56.457415084083)",3,11662
Family Medical Group,9482,"c(-2.95811252344679, 56.468308022753)",2,9482
Ryehill Medical Practice,5213,"c(-2.98898318912755, 56.4568789037976)",1,5213
Erskine Practice,7689,"c(-2.95927807433276, 56.4694671453428)",2,7689
Mill Practice,8535,"c(-2.95927807433276, 56.4694671453428)",2,8535
Terra Nova Medical Practice LLP,6095,"c(-2.95695926693934, 56.4715067870726)",2,6095
Downfield Surgery,8502,"c(-2.99121833831145, 56.4878613380323)",2,8502
Hillbank Health Centre,7934,"c(-2.97339319587704, 56.4685126486219)",2,7934
Maryfield Medical Centre,6135,"c(-2.95572912838476, 56.4735919225954)",2,6135
Ancrum Medical Centre,3613,"c(-3.00520064536498, 56.468753423103)",1,3613
Nethergate Medical Centre,7567,"c(-2.97480627763637, 56.4577727816257)",2,7567
Lochee Health Centre,3965,"c(-3.00741371271221, 56.4707931900494)",1,3965
Whitfield Surgery,4204,"c(-2.91704, 56.48964)",1,4204
Craigvinean Surgery,4091,"c(-3.58470170810405, 56.562016904576)",1,4091
Edzell Health Centre,2691,"c(-2.6551151810213, 56.8111420712542)",1,2691
The Carse Medical Practice,3282,"c(-3.19696665134603, 56.4031362485005)",1,3282
Ravenswood Surgery,3935,"c(-2.8880225925098, 56.6428845207671)",1,3935
Academy Medical Centre,9206,"c(-2.88062109439517, 56.6443837194432)",2,9206
Lour Road Group Practice,6815,"c(-2.88427649734112, 56.6423900425906)",2,6815
Friockheim Health Centre,3477,"c(-2.6636328401431, 56.6376249577626)",1,3477
Invergowrie Medical Practice,1881,"c(-3.06096874541357, 56.4596541765839)",1,1881
St Serf's Practice,9920,"c(-3.42416602627831, 56.2151581426944)",2,9920
Orwell Practice,4063,"c(-3.42416602627831, 56.2151581426944)",1,4063
Kirriemuir Medical Practice,8776,"c(-3.00516827161356, 56.6731009967493)",2,8776
Monifieth Medical Practice,10938,"c(-2.82165867286799, 56.4864031844849)",3,10938
Townhead Practice,6836,"c(-2.45485402000343, 56.7102262603652)",2,6836
Castlegait Surgery,4730,"c(-2.45485402000343, 56.7102262603652)",1,4730
Annat Bank Practice,5894,"c(-2.45485402000343, 56.7102262603652)",2,5894
Kings Practice,6558,"c(-3.44443432333899, 56.3945432626035)",2,6558
"Green Practice, Whitefriars Surgery",9187,"c(-3.44311625776148, 56.3978206247695)",2,9187
Victoria Practice,10880,"c(-3.44443432333899, 56.3945432626035)",2,10880
The Lade Medical Practice,3727,"c(-3.43428710916255, 56.3983094575804)",1,3727
The Taymount Surgery,15785,"c(-3.44973480065414, 56.395451930928)",3,15785
"Red Practice, Whitefriars Surgery",6999,"c(-3.44311625776148, 56.3978206247695)",2,6999
Perth City Medical Centre,9377,"c(-3.43791893257399, 56.3949245121344)",2,9377
"Yellow Practice, Drumhar Health Centre",6389,"c(-3.43428710916255, 56.3983094575804)",2,6389
Atholl Medical Centre,4915,"c(-3.73530770902453, 56.701874959362)",1,4915
Stanley Medical Centre,4250,"c(-3.44282506771031, 56.4821775926471)",1,4250
Roxburgh Street Surgery,3617,"c(-2.81141991885266, 55.6187274742359)",1,3617
Jedburgh Medical Practice,6928,"c(-2.55121691149792, 55.478625353002)",2,6928
Newcastleton Medical Practice,1579,"c(-2.81025678262273, 55.1815921067182)",1,1579
Eildon Surgery,6963,"c(-2.66982728063981, 55.5773365226929)",2,6963
Merse Medical Practice,6669,"c(-2.20837145490487, 55.8012813581411)",2,6669
Selkirk Medical Practice,7365,"c(-2.83788028193061, 55.5503944377719)",2,7365
St Ronan's Practice,4743,"c(-3.06555796520708, 55.616028214776)",1,4743
Kelso Medical Group,11852,"c(-2.42893248952618, 55.6036588432132)",3,11852
O'Connell Street Medical Practice,6080,"c(-2.78338884123616, 55.4232501454926)",2,6080
The Neidpath Practice,5922,"c(-3.19677179063197, 55.6520332775894)",2,5922
West Linton Medical Practice,3953,"c(-3.35180158785997, 55.7533346281158)",1,3953
The Ellwyn Practice,2988,"c(-2.80199379455565, 55.6159407020112)",1,2988
Coldstream Medical Practice,3865,"c(-2.26225388641477, 55.6478379977082)",1,3865
The Tweed Practice,6004,"c(-3.19677179063197, 55.6520332775894)",2,6004
Braeside Medical Practice,4927,"c(-2.80199379455565, 55.6159407020112)",1,4927
Glenfield Medical Practice,1991,"c(-2.80199379455565, 55.6159407020112)",1,1991
Waverley Medical Practice,5006,"c(-2.80199379455565, 55.6159407020112)",1,5006
Duns Medical Group,3174,"c(-2.33988408320701, 55.7726280388078)",1,3174
Greenlaw Surgery,1402,"c(-2.46052256584935, 55.7080646177851)",1,1402
Eyemouth Medical Practice,6570,"c(-2.08993227440854, 55.871012510347)",2,6570
Teviot Medical Practice,11288,"c(-2.78604083319031, 55.4231163062868)",3,11288
Stow & Lauder Health,4706,"c(-2.86399925620786, 55.691636351509)",1,4706
Earlston Medical Practice,3260,"c(-2.6783414361678, 55.6368705433342)",1,3260
Lochinch Practice,2963,"c(-5.02075740240599, 54.8997101891504)",1,2963
Loch Ree Practice,4849,"c(-5.02075740240599, 54.8997101891504)",1,4849
Mull of Galloway Practice,721,"c(-4.89324495193137, 54.6885874098498)",1,721
Cairnsmore Medical Practice,3899,"c(-4.47924711357576, 54.9595759767674)",1,3899
Castle Douglas Medical Group,6697,"c(-3.92102436990292, 54.9500472892035)",2,6697
Solway Medical Group,6446,"c(-4.04931914080321, 54.8344437445534)",2,6446
"Drs Oliver, Greeley &Innes",3956,"c(-3.92102436990292, 54.9500472892035)",1,3956
Glenkens Medical Practice,1833,"c(-4.13975280793555, 55.0730264296418)",1,1833
Dalbeattie Medical Practice,4889,"c(-3.82620253334518, 54.9281917219636)",1,4889
Shebburn Medical Practice,2795,"c(-3.61757499356524, 54.9790923011737)",1,2795
St Michaels Medical Centre,6624,"c(-3.60679017502523, 55.0650924306163)",2,6624
Lochthorn Medical Centre,3757,"c(-3.58506315316214, 55.0966744402489)",1,3757
Charlotte Medical Practice,9495,"c(-3.62567947208161, 55.0724637973478)",2,9495
Gillbrae Medical Practice,13400,"c(-3.58542639890758, 55.0638714623539)",3,13400
Upper Nithsdale Group Practice,4583,"c(-3.92381714581307, 55.3696154884796)",1,4583
Thornhill Medical Practice,3840,"c(-3.76428005317383, 55.2349244053312)",1,3840
Cairn Valley Medical Practice,3950,"c(-3.77470023580163, 55.1404036424792)",1,3950
Alba Medical Centre - Lockerbie,4578,"c(-3.3564958966524, 55.1217244408333)",1,4578
Lochmaben Medical Group,5760,"c(-3.43898786187492, 55.1282022219919)",2,5760
Alba Medical Group - Moffat,5246,"c(-3.44481650309442, 55.3332096033634)",1,5246
Greencroft South Medical Group,6456,"c(-3.26133260038067, 54.9863285729992)",2,6456
Dr N G Kelly & Partners,7491,"c(-3.26133260038067, 54.9863285729992)",2,7491
Gretna Surgery,4887,"c(-3.0663856014289, 54.9936224436428)",1,4887
Canonbie Surgery,2169,"c(-2.95086202615672, 55.0789017894374)",1,2169
Langholm Medical Partnership,2834,"c(-2.99875836987927, 55.1507960629734)",1,2834
Ecclefechan Surgery,2890,"c(-3.26329653940235, 55.0587778979803)",1,2890
Greyfriars Medical Centre,11959,"c(-3.61242695986699, 55.0705097840065)",3,11959
Sandhead Surgery,2436,"c(-4.96128764295209, 54.8103163109926)",1,2436
Glenluce Surgery,2031,"c(-4.80142635731266, 54.8806749884525)",1,2031
Lochnaw Practice,4486,"c(-5.02075740240599, 54.8997101891504)",1,4486
Southern Machars Practice,3159,"c(-4.41384395062477, 54.7370202836168)",1,3159
Galloway Hills Medical Practice,4521,"c(-4.47924711357576, 54.9595759767674)",1,4521
Anstruther Medical Practice,6288,"c(-2.69032052828361, 56.2274863546953)",2,6288
Auchtermuchty Practice,5658,"c(-3.22992237212376, 56.2897784427394)",2,5658
Muiredge Surgery,8022,"c(-3.03797398695877, 56.1760484459637)",2,8022
Burntisland Medical Group,5298,"c(-3.22940747629211, 56.0589889661116)",1,5298
The Links Practice,1897,"c(-3.22940747629211, 56.0589889661116)",1,1897
Wallsgreen Medical Practice,3011,"c(-3.26225694982666, 56.1465715173979)",1,3011
Cowdenbeath Surgery,11403,"c(-3.35025443339831, 56.1109174368987)",3,11403
Crossgates Medical Practice,4280,"c(-3.37148927698634, 56.0879923548219)",1,4280
Eden Villa Practice,7466,"c(-3.01491215340258, 56.3233484415091)",2,7466
Bank Street Medical Group,7826,"c(-3.01491215340258, 56.3233484415091)",2,7826
Nethertown Surgery,11322,"c(-3.45060621557475, 56.0662209566241)",3,11322
New Park Medical Practice,12055,"c(-3.43169128905912, 56.0825100281982)",3,12055
Hospital Hill Surgery,8725,"c(-3.44512093779309, 56.061306656122)",2,8725
Millhill Surgery,8628,"c(-3.44960000749532, 56.0676616690779)",2,8628
Bellyeoman Surgery,10775,"c(-3.44778091434757, 56.075276801534)",2,10775
Linburn Road Health Centre,8868,"c(-3.41567860072221, 56.0657098813609)",2,8868
The Lomond Practice,10303,"c(-3.19320460753696, 56.1956304859518)",2,10303
North Glen Medical Practice,8324,"c(-3.16695398028228, 56.2080392683783)",2,8324
The Glenwood Practice,6184,"c(-3.19320460753696, 56.1956304859518)",2,6184
Cos Lane Surgery,9027,"c(-3.15672681594396, 56.1907381457751)",2,9027
Rothes Medical Practice,8759,"c(-3.16143371434471, 56.1827682171292)",2,8759
Valleyfield Medical Practice,4094,"c(-3.59521831117337, 56.0618033357533)",1,4094
Inverkeithing Medical Group,18109,"c(-3.39551821658024, 56.0297051877348)",3,16329.375
Kelty Medical Practice,7306,"c(-3.37954246092024, 56.1343002895655)",2,7306
Kennoway Medical Group,4184,"c(-3.04526349774402, 56.209531897503)",1,4184
Kinghorn Medical Practice,3382,"c(-3.17403575758502, 56.0692783243533)",1,3382
Nicol Street Surgery,6244,"c(-3.16345427118063, 56.1067885518796)",2,6244
"Drs McKenna, Murphy & McCallum",7061,"c(-3.15790957740612, 56.1272484797545)",2,7061
Bennochy Medical Centre,9182,"c(-3.17257238049911, 56.1178992412401)",2,9182
St Brycedale Surgery,7387,"c(-3.16058827587296, 56.1114793990145)",2,7387
Path House Medical Practice,11064,"c(-3.14627701853482, 56.1196827061845)",3,11064
"Drs Dixon, Duggan, Egerton, MacKernan & McCrickard",7734,"c(-3.15790957740612, 56.1272484797545)",2,7734
Drs Fordyce & Lempke,6384,"c(-3.15790957740612, 56.1272484797545)",2,6384
Howe of Fife Surgery,4556,"c(-3.12252640471328, 56.2745249116015)",1,4556
Leslie Medical Practice,6483,"c(-3.21672178880608, 56.200739151368)",2,6483
Pitcairn Practice Leuchars & Balmullo,4265,"c(-2.93156340863186, 56.3757877195745)",1,4265
Scoonie Medical Practice,12603,"c(-2.99701654182292, 56.1969275078653)",3,12603
Charlestown Surgery,2823,"c(-3.49897553393782, 56.0359415073428)",1,2823
Meadows Practice,5185,"c(-3.31054712745093, 56.128958625615)",1,5185
Benarty Medical Practice,4712,"c(-3.32041169352486, 56.1562173029683)",1,4712
Dr K Thompson,2227,"c(-3.31054712745093, 56.128958625615)",1,2227
Markinch Medical Practice,6012,"c(-3.13097543047222, 56.2023168489726)",2,6012
Lochgelly Medical Practice,3409,"c(-3.31054712745093, 56.128958625615)",1,3409
Methilhaven Surgery,6052,"c(-3.02859426961611, 56.1861462672663)",2,6052
Airlie Medical Practice,8162,"c(-3.00011485368542, 56.1871526937427)",2,8162
Newburgh Surgery,4037,"c(-3.23875401572343, 56.3509934986176)",1,4037
Tayview Medical Practice,9434,"c(-2.93431857992229, 56.4380552866009)",2,9434
Oakley Medical practice,8804,"c(-3.56599630113839, 56.0855076071867)",2,8804
Coast Health,5196,"c(-2.72810393924026, 56.2141416710597)",1,5196
Primrose Lane Medical Centre,9531,"c(-3.43024126241971, 56.0455375490683)",2,9531
Park Road Practice,6103,"c(-3.41602740515629, 56.0401656741211)",2,6103
Blackfriars Medical Practice,9080,"c(-2.80415699229983, 56.3275912516168)",2,9080
Pipeland Medical Practice,15371,"c(-2.80415699229983, 56.3275912516168)",3,15371
Ochil Medical Practice,10417,"c(-3.78219946348743, 56.1247796297381)",2,10417
The Whins Medical Practice,6926,"c(-3.78219946348743, 56.1247796297381)",2,6926
Alva Medical Practice,13115,"c(-3.80213835215986, 56.1520181964705)",3,13115
Balfron Health Centre,2944,"c(-4.33475532584474, 56.0681550001368)",1,2944
Edenkiln Surgery,2485,"c(-4.30450550846705, 55.9842503674645)",1,2485
Forthview Practice,4364,"c(-3.61230833642447, 56.0121076449298)",1,4364
The Richmond Practice,8392,"c(-3.61230833642447, 56.0121076449298)",2,8392
Kinglass Medical Practice,3609,"c(-3.59968514064107, 56.0090636609281)",1,3609
Bridge Of Allan Health Centre,6952,"c(-3.94655318753934, 56.1532156812219)",2,6952
Callander Medical Practice,4560,"c(-4.19815710011764, 56.2381650240687)",1,4560
Clackmannan & Kincardine Medical Practice,7008,"c(-3.74976064562088, 56.1073949330745)",2,7008
Fallin Health Centre,6302,"c(-3.87464371434969, 56.1046993247799)",2,6302
Denny Cross Medical Centre,5263,"c(-3.90754119886025, 56.0229212413409)",1,5263
Carronbank Medical Practice,10438,"c(-3.90665906346019, 56.0248851870951)",2,10438
Antonine Medical Practice,4980,"c(-3.8921606645901, 56.0044191080357)",1,4980
Bonnybank Medical Practice,8376,"c(-3.8921606645901, 56.0044191080357)",2,8376
Dollar Health Centre,5306,"c(-3.66871937098387, 56.1623757211325)",1,5306
Doune Health Centre,4267,"c(-4.05109651635499, 56.1919419822967)",1,4267
Dunblane Medical Practice,10603,"c(-3.96845, 56.18777)",2,10603
Wallace Medical Centre,7969,"c(-3.77479917996861, 56.0052475852824)",2,7969
Ark Medical Practice,2616,"c(-3.78300552879141, 55.997795492951)",1,2616
Meeks Road Surgery,10766,"c(-3.7852787691744, 56.0032718596947)",2,10766
Graeme Medical Centre,5530,"c(-3.78351520921721, 56.0060744798952)",2,5530
Camelon Medical Practice,8170,"c(-3.81312546449105, 56.0029643697902)",2,8170
Bo'ness Road Medical Practice,7872,"c(-3.71898754754095, 56.019537132343)",2,7872
Killearn Health Centre,4606,"c(-4.37104960911889, 56.0458274001593)",1,4606
Killin Medical Practice,1525,"c(-4.31526092942704, 56.4666712162311)",1,1525
Kippen Surgery,2242,"c(-4.1713276557386, 56.125354952211)",1,2242
Viewpoint Medical Practice,6289,"c(-3.81756230194363, 56.0250350626527)",2,6289
Parkview Practice,5152,"c(-3.81756230194363, 56.0250350626527)",1,5152
Polmont Park Medical Practice,7791,"c(-3.72048207140112, 55.9874677269825)",2,7791
Braesview Medical Group,9662,"c(-3.72048207140112, 55.9874677269825)",2,9662
Parkhill Medical Practice,12069,"c(-3.72048207140112, 55.9874677269825)",3,12069
Slamannan Medical Practice,2072,"c(-3.83428657535738, 55.9366920262181)",1,2072
Park Terrace Medical Practice,7173,"c(-3.93456394265491, 56.106893690608)",2,7173
Orchard House Health Centre,4127,"c(-3.9388098649909, 56.1270400296526)",1,4127
Tillicoultry Medical Practice,8379,"c(-3.74543715580947, 56.1529220391494)",2,8379
Airthrey Park Medical Centre,8167,"c(-3.9161378092529, 56.1497096805359)",2,8167
Park Avenue Medical Centre,7673,"c(-3.93456394265491, 56.106893690608)",2,7673
Stenhouse Practice,3074,"c(-3.81756230194363, 56.0250350626527)",1,3074
Tryst Medical Centre,6232,"c(-3.81002280215337, 56.0275096243074)",2,6232
Carron Medical Centre,4079,"c(-3.7911509046616, 56.0171710537985)",1,4079
Ochilview Practice,5907,"c(-3.81756230194363, 56.0250350626527)",2,5907
Allan Park Medical Practice,3758,"c(-3.9380438757805, 56.1159704463235)",1,3758
Viewfield Medical Practice,10022,"c(-3.93456394265491, 56.106893690608)",2,10022
Direct Patient Care Service,30,"c(-3.96007526451755, 56.1319441194317)",1,30
Westburn Medical Practice,4553,"c(-3.79130624541966, 55.9986907429904)",1,4553
Drymen Health Centre,1555,"c(-4.45051822650421, 56.0671684651687)",1,1555
Aberfoyle & Buchlyvie Medical Centres,2348,"c(-4.29655297527488, 56.1163753293993)",1,2348
Tor Medical Group,3237,"c(-3.87370037725819, 56.0647555063497)",1,3237
Forth Medical Group,23609,"c(-3.92043106878145, 56.0937409029233)",3,16329.375
Garthdee Medical Group,10166,"c(-2.13216201879269, 57.1196429494859)",2,10166
Holburn Medical Group,8935,"c(-2.11287540354952, 57.1427509648132)",2,8935
Newburn Health Centre,20393,"c(-2.10562112234116, 57.1488395122627)",3,16329.375
Whinhill Medical Practice,8713,"c(-2.10593211400504, 57.1361986245417)",2,8713
Elmbank Group Practice,11442,"c(-2.14419, 57.15281)",3,11442
Hamilton Medical Group,9420,"c(-2.12933566663265, 57.1427350769073)",2,9420
Bucksburn Medical Practice,4979,"c(-2.1806511439494, 57.1768381613328)",1,4979
Westburn Medical Group,6275,"c(-2.14284773759836, 57.1539056185552)",2,6275
New Dyce Medical Practice,10025,"c(-2.17472225874996, 57.2069071436745)",2,10025
Great Western Medical Practice,10205,"c(-2.14016814606688, 57.1360212990707)",2,10205
Torry Medical Practice,6330,"c(-2.08456636595211, 57.1358195454018)",2,6330
Kincorth Medical Practice,13648,"c(-2.10246978705006, 57.1210093578439)",3,13648
Oldmachar Medical Practice,18228,"c(-2.09508077634521, 57.1637704931894)",3,16329.375
Marywell Healthcare Centre,269,"c(-2.0903991560511, 57.1493994310926)",1,269
Links Medical Practice,8981,"c(-2.08555171797941, 57.1546854697951)",2,8981
Calsayseat Medical Group,12690,"c(-2.10630745877134, 57.1576163812125)",3,12690
Albyn Medical Practice,10617,"c(-2.1204945578938, 57.1428966087214)",2,10617
King's Medical Practice,11575,"c(-2.10041425390857, 57.1609722941308)",3,11575
Rubislaw Place Medical Group,8480,"c(-2.11397020377075, 57.1440706374491)",2,8480
Kingswells Medical Practice,6905,"c(-2.22364842959602, 57.1585761539463)",2,6905
Woodside Medical Group,12173,"c(-2.12039930580249, 57.16954348125)",3,12173
Scotstown Medical Group,12424,"c(-2.10097956818661, 57.180323498905)",3,12424
Gilbert Road Medical Group,9763,"c(-2.17338052113093, 57.1784835120283)",2,9763
Cults Medical Group,7973,"c(-2.17974123993324, 57.1154510819308)",2,7973
Peterculter Medical Practice,8311,"c(-2.25665102279314, 57.0991187983241)",2,8311
Danestone Medical Practice,5514,"c(-2.13528254449359, 57.1827708178268)",2,5514
Camphill Medical Practice,1748,"c(-2.20986403340529, 57.1038955795043)",1,1748
Macduff Medical Practice,12407,"c(-2.52442150797992, 57.6694992586542)",3,12407
An Caorann Medical Practice,4766,"c(-2.69498790361598, 57.6804818965206)",1,4766
Finlayson Street Practice,9383,"c(-2.01236392422346, 57.6927201867325)",2,9383
Central Buchan Medical Practice,6471,"c(-2.1966912735826, 57.5921695267446)",2,6471
Saltoun Surgery,8401,"c(-2.01824945612984, 57.6870510073736)",2,8401
Crimond Medical Centre,3455,"c(-1.9117944442241, 57.6017873030633)",1,3455
Cruden Medical Group,3725,"c(-1.91859707735306, 57.425534348671)",1,3725
Peterhead Health Centre,22546,"c(-1.79259144280229, 57.5028021398604)",3,16329.375
Aden Health Centre,8380,"c(-2.00821564964007, 57.5239938415751)",2,8380
Fyvie Oldmeldrum Medical Group,8954,"c(-2.33026381374471, 57.3354245626456)",2,8954
Turriff Medical Practice,8706,"c(-2.45006663430306, 57.5367930836943)",2,8706
Alford Medical Practice,5799,"c(-2.70207049079348, 57.2372210096316)",2,5799
Strathdon Medical Centre,792,"c(-3.03446281417305, 57.1937566174089)",1,792
Ellon Group Practice,15765,"c(-2.06973310255899, 57.3665002669608)",3,15765
Haddo Medical Group,5532,"c(-2.17696673294069, 57.3368295042199)",2,5532
Insch Medical Practice,6544,"c(-2.61072024749329, 57.3411051207537)",2,6544
Inverurie Medical Group,25062,"c(-2.37710014361461, 57.2774633365478)",3,16329.375
Kemnay Medical Group,6467,"c(-2.44371051331201, 57.2344908708219)",2,6467
Bydand Medical Group,7780,"c(-2.78881145833289, 57.4434409810741)",2,7780
Skene Medical Group,15096,"c(-2.27456020984728, 57.1480984419734)",3,15096
Aboyne Health Centre,6663,"c(-2.76607591688904, 57.0772032581616)",2,6663
Ballater Clinic,1905,"c(-3.03835365980349, 57.0515591938482)",1,1905
Braemar Health Clinic,684,"c(-3.40070246010967, 57.0078849787964)",1,684
Torphins Medical Practice,2063,"c(-2.61894246720405, 57.1075209168032)",1,2063
Banchory Group Practice,13099,"c(-2.49940154523411, 57.0509676045358)",3,13099
Portlethen Medical Centre,15476,"c(-2.12390555825876, 57.0607421405987)",3,15476
Stonehaven Medical Group,13084,"c(-2.21030974530375, 56.966776899891)",3,13084
Auchenblae Medical Centre,2136,"c(-2.44699994554077, 56.9004604933932)",1,2136
Inverbervie Medical Group,5793,"c(-2.28044118153043, 56.8456184842212)",2,5793
Laurencekirk Medical Group,6027,"c(-2.4739634448609, 56.8319343434067)",2,6027
Ardach Health Centre,8965,"c(-2.96464000320249, 57.6718681462448)",2,8965
Seafield & Cullen Medical Group,6452,"c(-2.98125757243682, 57.6681827510331)",2,6452
Linkwood Medical,12027,"c(-3.29174353332298, 57.6364283084988)",3,12027
Fochabers Medical Practice,4446,"c(-3.09084930734939, 57.6126622152299)",1,4446
Moray Coast Medical Practice,10167,"c(-3.30387980495936, 57.7155904079994)",2,10167
Maryhill Group Practice,22437,"c(-3.3240318480845, 57.64767525158)",3,16329.375
Varis Medical Practice,8121,"c(-3.62047923577778, 57.6034236543657)",2,8121
Culbin Medical Practice,8170,"c(-3.62047923577778, 57.6034236543657)",2,8170
Keith Medical Group,7280,"c(-2.95248611355174, 57.542052227949)",2,7280
Aberlour Health Centre,3319,"c(-3.22268532049247, 57.4696012881001)",1,3319
Rinnes Medical Group,2947,"c(-3.12253678508823, 57.4457446116257)",1,2947
Glenlivet Medical Practice,586,"c(-3.35389247649501, 57.35422635364)",1,586
Skerryvore Practice,8538,"c(-2.96382656384994, 58.9741103974852)",2,8538
Stromness Surgery,3084,"c(-3.29548958862013, 58.9650724463166)",1,3084
Daisy Villa,1544,"c(-2.95944089329612, 58.8255865317638)",1,1544
Islands View Surgery,273,"c(-2.98574126587525, 59.1322354677767)",1,273
Heilendi Practice,3910,"c(-2.96382656384994, 58.9741103974852)",1,3910
Dounby Surgery,2852,"c(-3.23002933353274, 59.0676164788469)",1,2852
Orcades Practice,1961,"c(-2.96382656384994, 58.9741103974852)",1,1961
Yell Health Centre,989,"c(-1.06699461890069, 60.60158827685)",1,989
Whalsay Health Centre,1044,"c(-1.01458258774136, 60.3524091661726)",1,1044
Hillswick Health Centre,823,"c(-1.48036547331881, 60.4790084355865)",1,823
Brae Medical Practice,2571,"c(-1.34337261815178, 60.3866488920569)",1,2571
Bixter Health Centre,1907,"c(-1.40231464187398, 60.2540868947557)",1,1907
Levenwick Medical Practice,2735,"c(-1.27054325046442, 59.9722103435732)",1,2735
Scalloway Health Centre LLP,3693,"c(-1.27150399203133, 60.1404180197895)",1,3693
Lerwick Health Centre,8639,"c(-1.15147595455815, 60.1519707507756)",2,8639
Unst Health Centre,603,"c(-0.879008888833199, 60.7592803211186)",1,603
Fulton Street Medical Centre,6120,"c(-4.32570629243336, 55.8950897318174)",2,6120
BuckinghamTerraceMedicalPractice,9036,"c(-4.28725565641791, 55.8777971762715)",2,9036
The Terrace Medical Practice,7678,"c(-4.33345839348605, 55.9213516605654)",2,7678
Drs Reid & MacLaren Partnership,4499,"c(-4.28792303651585, 55.8668546474773)",1,4499
Red Wing Medical Practice,9131,"c(-4.40530226898381, 55.8991240201701)",2,9131
Anniesland Medical Practice,8744,"c(-4.33066932786646, 55.8916880241797)",2,8744
Old Kilpatrick Medical Practice,5346,"c(-4.45808872076348, 55.9247423536386)",1,5346
Abingdon Medical Practice,3988,"c(-4.30347418649364, 55.87113070085)",1,3988
Pennan Practice,2428,"c(-4.36098877774537, 55.8854921627001)",1,2428
Kessington Medical Centre,7445,"c(-4.32086539876243, 55.9166189746388)",2,7445
The Broomhill Practice,6839,"c(-4.32215306773366, 55.872568335532)",2,6839
Northcote Surgery,12937,"c(-4.29969403129463, 55.8791203779452)",3,12937
Queens Crescent Surgery,7918,"c(-4.26999038409155, 55.8712855879227)",2,7918
Ashfield Medical Practice,7689,"c(-4.31708856533788, 55.9396919060965)",2,7689
Dr I. Cullen,2706,"c(-4.30530364817677, 55.8777210543751)",1,2706
Gardner Street Surgery,2933,"c(-4.30433013913504, 55.8712764687376)",1,2933
Shaftesbury Medical Practice,1435,"c(-4.33842760501387, 55.8746780737545)",1,1435
The Green Medical Practice,8878,"c(-4.40530226898381, 55.8991240201701)",2,8878
Bluewing Medical Practice,6185,"c(-4.40530226898381, 55.8991240201701)",2,6185
"Drs McAlpine, Walker & Pettigrew",4291,"c(-4.31344015342819, 55.8712313589944)",1,4291
Dr Haggerty,1997,"c(-4.3538764168426, 55.9061676204364)",1,1997
Peel Street Medical Centre,2063,"c(-4.30861100691698, 55.8712141990199)",1,2063
Drs Melrose & Sharp Partnership,4589,"c(-4.28792303651585, 55.8668546474773)",1,4589
Knightswood Medical Practice,5413,"c(-4.33729971558919, 55.8944836062918)",1,5413
Dr A P Jackson & Partners,5072,"c(-4.30434954953897, 55.8786198096333)",1,5072
Kersland House Surgery,7633,"c(-4.31418194345308, 55.9422453770848)",2,7633
Dr M Roushdy-Gemie & Dr M Smith,2368,"c(-4.36904230980658, 55.8971845701124)",1,2368
Whiteinch Medical Practice,2216,"c(-4.33805434666105, 55.8745862910868)",1,2216
Drs Logan & Macdonald,2576,"c(-4.36978084078667, 55.9098175141907)",1,2576
Garscadden Burn Medical Practice,5142,"c(-4.36978084078667, 55.9098175141907)",1,5142
"Drs MacNeill, Clarey & Henderson",6820,"c(-4.28245928577063, 55.8644573024254)",2,6820
Dr A Khan,2103,"c(-4.28244602945781, 55.8740393728494)",1,2103
The Cairntoul Practice,2381,"c(-4.35988874728042, 55.8863402262466)",1,2381
Yoker Medical Centre,4641,"c(-4.38013723851498, 55.8892221896439)",1,4641
Drumchapel Medical Practice,3050,"c(-4.36978084078667, 55.9098175141907)",1,3050
Drs Turnbull & Shotton,2700,"c(-4.36978084078667, 55.9098175141907)",1,2700
Scotstoun Medical Practice,2082,"c(-4.34720069731165, 55.8780435991051)",1,2082
Barclay Medical Practice Victoria Park,3767,"c(-4.34711165690152, 55.8784228237341)",1,3767
The Orange Wing Medical Practice,6050,"c(-4.40530226898381, 55.8991240201701)",2,6050
Glasgow West Medical Practice,5332,"c(-4.33955356569426, 55.8753218343586)",1,5332
Challenging Behaviour Practice,67,"c(-4.23105014039062, 55.8590903763033)",1,67
Dr Chalmers & Partners,6912,"c(-4.40530226898381, 55.8991240201701)",2,6912
Dr Rai & Partners,2990,"c(-4.40530226898381, 55.8991240201701)",1,2990
Ashton Medical Practice,8035,"c(-4.29240258442413, 55.8742407918121)",2,8035
Dr M Duffy & Dr A Morgan,4307,"c(-4.36978084078667, 55.9098175141907)",1,4307
Kingsway Medical Practice,6546,"c(-4.3560100388865, 55.8835651152398)",2,6546
Denbridge Medical Practice,9268,"c(-4.33045017273921, 55.9181727282977)",2,9268
Gairbraid Medical Practice,5751,"c(-4.29147533234286, 55.8899790956804)",2,5751
Regent Gardens Medical Centre,10376,"c(-4.15976484206641, 55.9392704145398)",2,10376
The Turret Medical Centre,6391,"c(-4.15424966189644, 55.9394478944447)",2,6391
Springfield Medical Practice,9329,"c(-4.21985076846748, 55.904253041788)",2,9329
Dr A. Polding,2752,"c(-4.22788671692534, 55.8828322734225)",1,2752
Dr Burton & Dr Krishnan,2333,"c(-4.26984415808439, 55.8797375145043)",1,2333
Atlas Medical Practice,2945,"c(-4.22788671692534, 55.8828322734225)",1,2945
Dr Diane Kelly & Partners,7217,"c(-4.15452194494888, 55.9374297742655)",2,7217
Peelview Medical Centre,10430,"c(-4.15851791935324, 55.9393102496722)",2,10430
Drs Ballantyne & Blair,3493,"c(-4.22788671692534, 55.8828322734225)",1,3493
The Barony Medical Centre,5638,"c(-4.22610819415886, 55.8763478410102)",2,5638
The Firhill Practice,5493,"c(-4.26984415808439, 55.8797375145043)",2,5493
Kenmure Medical Practice,7924,"c(-4.21985076846748, 55.904253041788)",2,7924
"Drs Leslie, Ojo & Chetty",6624,"c(-4.26984415808439, 55.8797375145043)",2,6624
Drs Gaw & Esler,3314,"c(-4.26984415808439, 55.8797375145043)",1,3314
Kelvin Medical Centre,4148,"c(-4.27057658068155, 55.8758499416683)",1,4148
"Drs Adair, Denholm & Pugh",5965,"c(-4.26984415808439, 55.8797375145043)",2,5965
Auchinairn Medical Practice,7158,"c(-4.21431205650266, 55.8983126000505)",2,7158
Keppoch Medical Practice,4092,"c(-4.25276861447197, 55.8811568764887)",1,4092
Balmore Surgery,3418,"c(-4.25276861447197, 55.8811568764887)",1,3418
Lennoxtown Medical Practice,3361,"c(-4.20066522907105, 55.9745355036247)",1,3361
"Drs Meek, Fox & Jamieson",3482,"c(-4.20010515634645, 55.8923653779674)",1,3482
Allander Surgery,3565,"c(-4.25084512350553, 55.8854975587635)",1,3565
Dr Campbell & Dr Halstvedt,3045,"c(-4.24392054695749, 55.8988010934873)",1,3045
Maryhill Red Practice,5630,"c(-4.29147533234286, 55.8899790956804)",2,5630
Fernbank Medical Centre,5146,"c(-4.23344727570995, 55.8869290882272)",1,5146
Dr Rasul & Partners,6990,"c(-4.26984415808439, 55.8797375145043)",2,6990
Dr Ho Chong Teck,1945,"c(-4.26984415808439, 55.8797375145043)",1,1945
Dr Harris & Partners,7337,"c(-4.22788671692534, 55.8828322734225)",2,7337
Drs Langridge & Black,2259,"c(-4.25276861447197, 55.8811568764887)",1,2259
Dr M Showkat,2574,"c(-4.25276861447197, 55.8811568764887)",1,2574
Dr Paul Lyons,1705,"c(-4.22601958260344, 55.9035663903507)",1,1705
Barclay Medical Practice,55163,"c(-4.29147533234286, 55.8899790956804)",3,16329.375
Woodhead Medical Practice,6786,"c(-4.15041160931611, 55.934634372899)",2,6786
Townhead Medical Practice,14644,"c(-4.23033350605511, 55.8655481016526)",3,14644
Dr Ali & Dr Mackenzie,2509,"c(-4.22659932797769, 55.8525285337835)",1,2509
Glenmill Medical Practice,6965,"c(-4.19319442121899, 55.8787455169002)",2,6965
Parade Group Practice,17815,"c(-4.23033350605511, 55.8655481016526)",3,16329.375
The Cairns Practice,9586,"c(-4.16861750496376, 55.8523509180972)",2,9586
Drs Mckenzie & Burns,3037,"c(-4.19328172469021, 55.8525068785382)",1,3037
Drs Wilson & Boyd,5153,"c(-4.16087457250873, 55.8754972476186)",1,5153
Annfield Medical Centre,1986,"c(-4.22006767903881, 55.8587587336268)",1,1986
Crail Medical Practice,4251,"c(-4.18906412577433, 55.8491124847163)",1,4251
Carntyne Medical Centre,4358,"c(-4.19280671546452, 55.8593914661721)",1,4358
Dr M Khan,2420,"c(-4.20417485471633, 55.8462180260916)",1,2420
Dr S Ross,3698,"c(-4.16861750496376, 55.8523509180972)",1,3698
Main Street Medical Centre,7688,"c(-4.22599859377509, 55.848171008117)",2,7688
Dr K Miller & Partners,3198,"c(-4.16544605901312, 55.8616917300804)",1,3198
McGlone Practice,13317,"c(-4.1151750257717, 55.8489400984834)",3,13317
Oakwood Medical Practice,5253,"c(-4.124672984228, 55.8689819777465)",1,5253
Drs Dames & Lateef,4918,"c(-4.19328172469021, 55.8525068785382)",1,4918
Dr D.S.Dhami,1928,"c(-4.124672984228, 55.8689819777465)",1,1928
"Drs Mccallum, Gardiner & Makun",3409,"c(-4.16544605901312, 55.8616917300804)",1,3409
The Muirside Medical Practice,7899,"c(-4.1151750257717, 55.8489400984834)",2,7899
Westmuir Medical Centre,3851,"c(-4.18988867461378, 55.8498528334167)",1,3851
Tollcross Medical Centre,7973,"c(-4.1703198404359, 55.8436201718765)",2,7973
Drs Day & Raja,2337,"c(-4.22659932797769, 55.8525285337835)",1,2337
Dr M P Hamayun & Dr M R Masood,1429,"c(-4.22659932797769, 55.8525285337835)",1,1429
Drs Connaughton & Sudomir,4525,"c(-4.22659932797769, 55.8525285337835)",1,4525
Dr M Saleem,1541,"c(-4.22659932797769, 55.8525285337835)",1,1541
Newhills Medical Practice,9727,"c(-4.124672984228, 55.8689819777465)",2,9727
Lochend Surgery,2719,"c(-4.124672984228, 55.8689819777465)",1,2719
Drs Al-Agilly & Morgan,6333,"c(-4.17950625296442, 55.8633220240723)",2,6333
Abercromby Practice,3281,"c(-4.22659932797769, 55.8525285337835)",1,3281
The Whitevale Medical Group,4719,"c(-4.21556566352678, 55.8571590549512)",1,4719
Dalmarnock Family M P,1196,"c(-4.22659932797769, 55.8525285337835)",1,1196
Homeless Health & Resource,111,"c(-4.23105014039062, 55.8590903763033)",1,111
"Drs Dunn, Lynas & Rodgers",3186,"c(-4.22659932797769, 55.8525285337835)",1,3186
Calton Medical Practice,2036,"c(-4.22659932797769, 55.8525285337835)",1,2036
Meadowpark Surgery,8083,"c(-4.21338746180766, 55.8632564671312)",2,8083
Practice B,12107,"c(-4.25694065784555, 55.8373152696102)",3,12107
Dr C Mills & Partners,3443,"c(-4.25149366955315, 55.8483631492793)",1,3443
Eglinton Medical Centre,2465,"c(-4.26130692437824, 55.8434641413509)",1,2465
Croftfoot Surgery,7134,"c(-4.2407770745761, 55.8098452299093)",2,7134
"Drs McGivern, Murthy & Sinha",4160,"c(-4.26391806094602, 55.8262748887876)",1,4160
Nithsdale Merryvale Group Practice,9727,"c(-4.27447731230081, 55.8394730509739)",2,9727
Drs Boardman & Partners,7162,"c(-4.28118619401963, 55.793371900503)",2,7162
Dr G Smith & Partners,5598,"c(-4.25694065784555, 55.8373152696102)",2,5598
Sheddens Medical Practice,2476,"c(-4.27341623810848, 55.78543506287)",1,2476
Drs Geddes & Partners,4891,"c(-4.28259372156557, 55.8277812909645)",1,4891
Drs Morrice & Partners,8019,"c(-4.28118619401963, 55.793371900503)",2,8019
Merrylee Medical Centre,5555,"c(-4.26519181401762, 55.8146741159358)",2,5555
Butterbiggins Medical Centre,5116,"c(-4.25836850841689, 55.8404530317595)",1,5116
Shawlands Surgery,5970,"c(-4.28756606614011, 55.828425959567)",2,5970
Queens Park Medical Practice,2974,"c(-4.26991359068917, 55.8357192377455)",1,2974
Baker Street Surgery,2294,"c(-4.27847477005966, 55.8302576411998)",1,2294
Mearns Medical Centre,13943,"c(-4.32910608853779, 55.7723652198315)",3,13943
Dr Linda J Wright,2066,"c(-4.23295984600334, 55.8283060815974)",1,2066
The Khan Medical Surgery,1698,"c(-4.23532644279106, 55.8191756846029)",1,1698
Eastwoodmains Medical Practice,4703,"c(-4.28118619401963, 55.793371900503)",1,4703
Broomburn Medical Centre,3009,"c(-4.31255517648317, 55.7750868283504)",1,3009
"Drs Rennie, Gallacher, Steel & Lange",5700,"c(-4.28583177744637, 55.8260852095916)",2,5700
Greenlaw Medical Practice,4816,"c(-4.3458078925344, 55.7828071270267)",1,4816
The Gordon Practice,6087,"c(-4.25149366955315, 55.8483631492793)",2,6087
Elmwood Medical Practice,2787,"c(-4.28118619401963, 55.793371900503)",1,2787
Carolside Medical Centre,7876,"c(-4.27398380395189, 55.7875099316725)",2,7876
The Maclean Medical Practice,8868,"c(-4.28118619401963, 55.793371900503)",2,8868
Regency Medical Practice,3207,"c(-4.2732547789212, 55.8453472259495)",1,3207
Mount Florida Medical Centre,10000,"c(-4.25964146986159, 55.828528785853)",2,10000
Dr M. M. Sharif & Dr M. T. Saleem,1769,"c(-4.27847477005966, 55.8302576411998)",1,1769
Castlemilk Group Practice,10274,"c(-4.23366862826814, 55.8058488462334)",2,10274
The Ker Practice,10351,"c(-4.2407770745761, 55.8098452299093)",2,10351
Kingspark Surgery,4992,"c(-4.23532644279106, 55.8191756846029)",1,4992
Williamwood Practice,9562,"c(-4.28655256522513, 55.7940092553305)",2,9562
Shields Medical Practice,3954,"c(-4.2732547789212, 55.8453472259495)",1,3954
Midlock Medical Centre,8624,"c(-4.29807945892808, 55.8520678314877)",2,8624
Dr MacCuish Practice,1813,"c(-4.24551505604945, 55.8106306718081)",1,1813
Thurston Road Medical Practice,4076,"c(-4.35597760906479, 55.8508286944694)",1,4076
Dr C P Fraser & Partners,5655,"c(-4.25694065784555, 55.8373152696102)",2,5655
Braidcraft Medical Centre,5877,"c(-4.33961960603335, 55.8322915220815)",2,5877
The Crescent Medical Practice,5795,"c(-4.29411399689992, 55.8522946578407)",2,5795
The David Elder Medical Practice,5334,"c(-4.32521597738086, 55.86042071493)",1,5334
The Green Practice Govan,4842,"c(-4.32521597738086, 55.86042071493)",1,4842
Drs Chita & Hayes,2849,"c(-4.30364535070003, 55.8508041862059)",1,2849
Dr Ferguson & Partners,10428,"c(-4.27797838841188, 55.8529001374986)",2,10428
Dr Raheela Bhatti,1356,"c(-4.32960595237184, 55.8066569519838)",1,1356
Waverley Park Medical Practice,4607,"c(-4.28479381469981, 55.8318032938332)",1,4607
Drs Mcnaughtan & O'Neill,3673,"c(-4.34103669384725, 55.8455049859413)",1,3673
"Drs Dale, Blackwood & Chambers",3874,"c(-4.27821631815878, 55.8542350307755)",1,3874
Dr Mckeeve,2018,"c(-4.27797838841188, 55.8529001374986)",1,2018
"Drs Quigley, Canning, Wedlock& Rosiou",5998,"c(-4.3171892281677, 55.8072062369125)",2,5998
Dr Mair & Partners,7080,"c(-4.33485163710207, 55.8462697425815)",2,7080
Drs McColl & McLaughlin,8123,"c(-4.3171892281677, 55.8072062369125)",2,8123
Dr Alam's Surgery,1558,"c(-4.27797838841188, 55.8529001374986)",1,1558
The Peat Road Medical Practice,5439,"c(-4.3451812404463, 55.8228013000105)",1,5439
Yellow Practice,3985,"c(-4.32521597738086, 55.86042071493)",1,3985
Crookston Medical Practice,6661,"c(-4.35834402175103, 55.8294888964868)",2,6661
Dr K G Hardie & Partners,8686,"c(-4.32521597738086, 55.86042071493)",2,8686
Drs Ghaus & Khouly,5930,"c(-4.3451812404463, 55.8228013000105)",2,5930
Drs Datta & Partners,5083,"c(-4.34103669384725, 55.8455049859413)",1,5083
Pollokshaws Medical Centre,9345,"c(-4.29516985238433, 55.8265674381735)",2,9345
Thurso & Halkirk Medical Practice,5992,"c(-3.52433253426174, 58.5919221429571)",2,5992
Nairn Healthcare Group,15501,"c(-3.87115273889167, 57.5783862791507)",3,15501
Dunbeath Surgery,655,"c(-3.43783108055611, 58.2469441695984)",1,655
Canisbay & Castletown Joint Medical Practice,2900,"c(-3.38783085120638, 58.5923632362643)",1,2900
Riverview Medical Practice,7326,"c(-3.08680807385474, 58.441976490831)",2,7326
The Pearson Practice,2327,"c(-3.08680807385474, 58.441976490831)",1,2327
Armadale Medical Practice,899,"c(-4.08419590886733, 58.5515921635251)",1,899
Dornoch Medical Practice,2697,"c(-4.02672707237787, 57.8785511716298)",1,2697
Golspie Medical Practice,2006,"c(-3.97582483298426, 57.9747955203832)",1,2006
Lairg Health Centre,1171,"c(-4.39582174794541, 58.0238735112476)",1,1171
Assynt Medical Practice,943,"c(-5.23791607572368, 58.1543334201476)",1,943
Tongue Medical Practice,526,"c(-4.41608330246428, 58.4780061789365)",1,526
Helmsdale/Brora Med Practice,2524,"c(-3.85140035197736, 58.0127245690272)",1,2524
Creich Surgery,1651,"c(-4.34216811686272, 57.8901782107715)",1,1651
"Scourie, Kinlochbervie and Durness Medical Practice",888,"c(-5.04218487318381, 58.4584589976952)",1,888
Riverbank and Lybster Medical Practice,6499,"c(-3.52065751172029, 58.5924867082588)",2,6499
Alness/Invergordon Med Prcte,13200,"c(-4.24685102015218, 57.6953290825231)",3,13200
Applecross Surgery,269,"c(-5.81946826395046, 57.4270023920643)",1,269
Aultbea & Gairloch Medical Practice,2368,"c(-5.57593621337344, 57.8361560897032)",1,2368
Dingwall Medical Group,11492,"c(-4.41667374355381, 57.5941535824096)",3,11492
Fortrose Medical Practice,4963,"c(-4.13069193704253, 57.582254160612)",1,4963
Lochcarron Medical Partnership,959,"c(-5.49608472147228, 57.3990965696448)",1,959
Munlochy Surgery,3420,"c(-4.25961607978037, 57.5506816101955)",1,3420
Strathpeffer Medical Practice,3840,"c(-4.5423693438608, 57.5862218385933)",1,3840
Tain & District Med Group,3012,"c(-4.06319424938638, 57.8096191089475)",1,3012
Tain & Fearn Area Med Practice,5775,"c(-4.06319424938638, 57.8096191089475)",2,5775
Torridon Medical Practice,468,"c(-5.51183522650818, 57.5470861906367)",1,468
Ullapool Health Centre,2581,"c(-5.15627830673981, 57.9024199621528)",1,2581
Carbost Medical Practice,644,"c(-6.33743954071245, 57.2963398155117)",1,644
Dunvegan Medical Practice,1824,"c(-6.56572115596273, 57.4289819567345)",1,1824
Glenelg Health Centre,254,"c(-5.6184751152465, 57.2138494973674)",1,254
Kyle Medical Practice,2759,"c(-5.71408189426655, 57.2810650927248)",1,2759
Portree Medical Centre,5464,"c(-6.1912423096378, 57.4115702293371)",2,5464
Craig Nevis Surgery,3757,"c(-5.07739583044208, 56.8394704992322)",1,3757
Glen Mor Medical Practice,5584,"c(-5.07739583044208, 56.8394704992322)",2,5584
Tweeddale Medical Practice,5151,"c(-5.07739583044208, 56.8394704992322)",1,5151
Kinlochleven Medical Practice,922,"c(-4.96276617052902, 56.7165822304773)",1,922
Lochaline Medical Practice,346,"c(-5.77803410300053, 56.5388904832585)",1,346
Acharacle Medical Practice,1389,"c(-5.79854541486906, 56.745670586728)",1,1389
Small Isles Medical Practice - Isle of Eigg,199,"c(-6.14167234398304, 56.9020877059324)",1,199
Aird Medical Practice,3302,"c(-4.45760903133775, 57.4829221665098)",1,3302
Croyard Road Surgery,6175,"c(-4.46090207973283, 57.4847452250871)",2,6175
Drumnadrochit Medical Practice,2386,"c(-4.47425950093167, 57.3288429847882)",1,2386
Cill Chuimein Medical Centre,1544,"c(-4.68521333375552, 57.1406289009847)",1,1544
Loch Ness East And Strathnairn,1004,"c(-4.49323154889094, 57.25421426218)",1,1004
Culloden Surgery,6093,"c(-4.14210834313354, 57.4875443184572)",2,6093
Culloden Medical Practice,6871,"c(-4.14210834313354, 57.4875443184572)",2,6871
Kingsmills Medical Practice,9605,"c(-4.21643260555011, 57.474613462181)",2,9605
Fairfield Medical Practice,6509,"c(-4.23613603746127, 57.482029868984)",2,6509
Riverside Medical Practice,10246,"c(-4.23005795797263, 57.4704550836824)",2,10246
Kinmylies Medical Practice,3809,"c(-4.25445619446859, 57.4736427121098)",1,3809
Southside Road Surgery,4774,"c(-4.21823889368519, 57.4719396766139)",1,4774
Burnfield Medical Practice,6903,"c(-4.20086773996504, 57.4648842470505)",2,6903
Crown Medical Practice,6101,"c(-4.21762943570519, 57.4786722650901)",2,6101
Aviemore Medical Practice,5347,"c(-3.82634612062265, 57.1981134060302)",1,5347
Grantown-On-Spey Medical Practice,5408,"c(-3.60363751714736, 57.3353522237117)",1,5408
Kingussie Medical Practice,2988,"c(-4.05233451597001, 57.0813026428329)",1,2988
Gergask Surgery,463,"c(-4.28444779356452, 57.0203966216664)",1,463
Cairn Medical Practice,9673,"c(-4.22221587104953, 57.4726065292355)",2,9673
Dunedin Medical Practice,2535,"c(-4.20920611002478, 57.4651607533078)",1,2535
Ballachulish Medical Practice,1597,"c(-5.12961170527511, 56.6769808229459)",1,1597
Mallaig And Arisaig Medical Practice,1792,"c(-5.82984962590179, 57.0041924463339)",1,1792
SOUTH SKYE MEDICAL PRACTICES,2910,"c(-5.9083684931135, 57.2468677037359)",1,2910
Cromarty Medical Practice,1087,"c(-4.03546759580281, 57.6816710537956)",1,1087
Jamieson Medical Practice,14405,"c(-4.10657145749785, 55.9034032917011)",3,14405
Nalagatla Medical Practice,3890,"c(-4.14363063514648, 55.8912945813735)",1,3890
Stepps Surgery,3491,"c(-4.14369937382929, 55.8916708902408)",1,3491
The Stonelaw Practice,12940,"c(-4.20868950708133, 55.8235670366056)",3,12940
Wardlaw Medical Practice,4983,"c(-4.20868950708133, 55.8235670366056)",1,4983
Drs Tierney & Canning,4749,"c(-4.20868950708133, 55.8235670366056)",1,4749
Silverbank Surgery,2745,"c(-4.17656824978744, 55.8199332255191)",1,2745
Overtoun Medical Practice,4511,"c(-4.20868950708133, 55.8235670366056)",1,4511
North Avenue Surgery,11666,"c(-4.17255919604183, 55.819329996469)",3,11666
Dr R Afuakwah,1541,"c(-4.21624290790262, 55.8261096981451)",1,1541
Dr Oliver Frenschock,1643,"c(-4.16457040381094, 55.8195068432505)",1,1643
The Craigallian Avenue Practice,9237,"c(-4.14524283850548, 55.8117920106919)",2,9237
Dr Friel & Dr Bagnall,3897,"c(-4.20868950708133, 55.8235670366056)",1,3897
Parkview Practice,2042,"c(-4.20868950708133, 55.8235670366056)",1,2042
Ardoch Medical Practice,4121,"c(-4.17656824978744, 55.8199332255191)",1,4121
The Motherwell Medical Practice,11113,"c(-3.98333275351923, 55.785874491558)",3,11113
Glenboig Surgery,3681,"c(-4.05588505723956, 55.8964495601102)",1,3681
Adam Avenue Practice,9715,"c(-3.97713456902225, 55.8659403605262)",2,9715
Tinto Medical Practice,5032,"c(-3.97713456902225, 55.8659403605262)",1,5032
Bankhouse Medical Practice,4030,"c(-3.97713456902225, 55.8659403605262)",1,4030
Dr O Osibo,1737,"c(-3.97713456902225, 55.8659403605262)",1,1737
Centenary Surgery,2137,"c(-4.02839491870658, 55.8539878315977)",1,2137
The Faraday Medical Practice,6795,"c(-4.02470068771791, 55.8597650722387)",2,6795
Kildrum Medical Practice,5657,"c(-3.96963839829686, 55.9533595798673)",2,5657
Condorrat Medical Practice,5289,"c(-4.02542599770557, 55.9329332838534)",1,5289
Caledonia Medical Practice,10871,"c(-3.98588046376256, 55.9464388606434)",2,10871
Dr Carroll & Partners,12079,"c(-3.98588046376256, 55.9464388606434)",3,12079
Kenilworth Medical Centre,12976,"c(-3.99574891709455, 55.9405630999773)",3,12976
Abronhill Medical Group,4603,"c(-3.95057596208376, 55.9603856948612)",1,4603
Dr DJ Clifford,3031,"c(-3.95057596208376, 55.9603856948612)",1,3031
Waverley Medical Practice,21008,"c(-4.02470068771791, 55.8597650722387)",3,16329.375
Coatbank Medical Practice,7759,"c(-4.02470068771791, 55.8597650722387)",2,7759
Atrium Medical Practice,6527,"c(-4.02304554578897, 55.8617426991316)",2,6527
Church Street Practice,6144,"c(-4.02304554578897, 55.8617426991316)",2,6144
Kilsyth Medical Partnership,14120,"c(-4.06002712172058, 55.9781711283654)",3,14120
WELLWYND PRACTICE,20832,"c(-3.97713456902225, 55.8659403605262)",3,16329.375
Strathcalder Practice,8119,"c(-4.15238404148536, 55.771417218952)",2,8119
Thistle Medical Practice,6662,"c(-3.97713456902225, 55.8659403605262)",2,6662
Mossend Surgery,6102,"c(-4.0077800872481, 55.8192457366476)",2,6102
Bruce Medical Centre,8637,"c(-4.00925959635701, 55.8188350847294)",2,8637
Fullwood Medical Practice,2542,"c(-3.97616670018724, 55.8153986687109)",1,2542
John Street Surgery,8043,"c(-4.01097330856004, 55.8189418918321)",2,8043
Newarthill Medical Practice,3188,"c(-3.94960346666859, 55.8093154334006)",1,3188
Drs Rao/Raman,3202,"c(-3.97351277519945, 55.8219395991158)",1,3202
High Mill Medical Practice,6712,"c(-3.83535401435485, 55.7352260754379)",2,6712
St Luke's Medical Practice,11430,"c(-3.83535401435485, 55.7352260754379)",3,11430
Biggar Medical Practice,7713,"c(-3.51827723550757, 55.6226016446981)",2,7713
Kingshill Medical Practice,2925,"c(-3.6843724161643, 55.765133660737)",1,2925
Douglasdale Medical Practice,5384,"c(-3.84600455436543, 55.5557207401304)",1,5384
Dr GD Brough & Partners,7446,"c(-3.94694071361114, 55.84548004809)",2,7446
Orchard Medical Centre,13070,"c(-3.99589294128969, 55.7916212712822)",3,13070
Blackwood Medical Practice,3831,"c(-3.91548229249, 55.6675812004523)",1,3831
Glebe Medical Practice,6368,"c(-3.88536358204766, 55.6408049419768)",2,6368
Willow Wood Medical Practice,3650,"c(-3.91925092970377, 55.7750187620108)",1,3650
Clyde View Medical Practice,8594,"c(-3.91925092970377, 55.7750187620108)",2,8594
Clyde Practice,2629,"c(-3.9829451593566, 55.7851527141271)",1,2629
Drs Keenan & Fisher,3366,"c(-3.9829451593566, 55.7851527141271)",1,3366
Dr A Porte & Partners,9974,"c(-3.97941380467297, 55.78219864409)",2,9974
Knowetop Medical Practice,4347,"c(-3.9829451593566, 55.7851527141271)",1,4347
Forestbank Medical Partnership,3633,"c(-3.75084178620615, 55.8595267577097)",1,3633
Dr George Practice,1962,"c(-3.78826056464851, 55.8179692377161)",1,1962
Dryburgh Medical Practice,4324,"c(-3.91925092970377, 55.7750187620108)",1,4324
Logan Practice,9780,"c(-3.91925092970377, 55.7750187620108)",2,9780
Branchalwood Medical Practice,5709,"c(-3.91925092970377, 55.7750187620108)",2,5709
Burnbrae Medical Practice,9148,"c(-3.80927085406825, 55.8231803434434)",2,9148
Rosehall Surgery,2800,"c(-3.80488963863374, 55.8202787942785)",1,2800
Calderside Medical Practice,7071,"c(-4.09142660106828, 55.790509279268)",2,7071
Victoria Medical Practice,5399,"c(-4.09142660106828, 55.790509279268)",1,5399
Bothwell Medical Centre,10634,"c(-4.07030285078576, 55.8049064584912)",2,10634
Mavor Medical Practice,9025,"c(-4.17496314448322, 55.7625435165239)",2,9025
Kirkview Medical Practice,7424,"c(-4.17496314448322, 55.7625435165239)",2,7424
Kittoch Medical Practice,7690,"c(-4.17496314448322, 55.7625435165239)",2,7690
Huntergreen Medical Practice,7680,"c(-4.17496314448322, 55.7625435165239)",2,7680
Kilbryde Medical Practice,4160,"c(-4.17496314448322, 55.7625435165239)",1,4160
Calderglen Medical Practice,5936,"c(-4.17496314448322, 55.7625435165239)",2,5936
The Murray Surgery,11347,"c(-4.18410756787095, 55.7527366412777)",3,11347
Auchinraith Medical Practice,5374,"c(-4.09142660106828, 55.790509279268)",1,5374
Burnbank Medical Centre,8091,"c(-4.06701974190455, 55.7815024998827)",2,8091
Portland Park Medical Centre,6753,"c(-4.03635217275426, 55.7690265660077)",2,6753
Wellhall Medical Centre,11739,"c(-4.07210664937377, 55.7712691253605)",3,11739
Oak Lodge,6969,"c(-4.03031940225679, 55.7732070128395)",2,6969
Douglas Street Surgery,7670,"c(-4.05041639653849, 55.7787695820141)",2,7670
Hamilton West Medical Practice,6693,"c(-4.05624516595612, 55.7789148771796)",2,6693
Drs Clokey & McShane,5138,"c(-4.04237818504589, 55.7623022643257)",1,5138
Dr JM Simpson & Partners,7643,"c(-4.04674260652789, 55.7613218313951)",2,7643
Calderlea Surgery,5846,"c(-4.15238404148536, 55.771417218952)",2,5846
Gallowhill Medical Centre,1677,"c(-3.97144669070195, 55.7368651444399)",1,1677
Morgan Glen Surgery,9759,"c(-3.97511898287754, 55.7348197807264)",2,9759
Macinnes Medical Centre,8379,"c(-3.94279496393378, 55.8136115761555)",2,8379
The Avon Medical Practice,13259,"c(-3.97139055091043, 55.739859074952)",3,13259
Lanarkshire Medical Group,18462,"c(-4.06242830692412, 55.6779448650527)",3,16329.375
Avondale Medical Practice,7908,"c(-4.06242830692412, 55.6779448650527)",2,7908
Lincluden Medical Centre,8731,"c(-4.0703021025368, 55.8175168931207)",2,8731
Old Mill Surgery,8225,"c(-4.05470093200838, 55.8292474394069)",2,8225
Viewpark Health Centre,2943,"c(-4.05692939656334, 55.8291113182603)",1,2943
Manse Road Medical Centre,4421,"c(-3.87743636370487, 55.7832324122775)",1,4421
Calder Valley Surgery,2081,"c(-3.91925092970377, 55.7750187620108)",1,2081
Medwyn Medical Practice,6074,"c(-3.62437597984352, 55.6985713354228)",2,6074
LMG - Lanark,12296,"c(-3.77064809635448, 55.6743491529611)",3,12296
Challenging Patients Service,57,"c(-4.09142660106828, 55.790509279268)",1,57
Braids Medical Practice,9858,"c(-3.20864762107285, 55.9066029191165)",2,9858
The Green Practice,10123,"c(-3.20619791419363, 55.9570327073135)",2,10123
Leven Medical Practice,6652,"c(-3.20497790599604, 55.9440590629154)",2,6652
Southfield Medical Practice,4529,"c(-3.1151005386554, 55.9403940098537)",1,4529
Colinton Surgery,11877,"c(-3.2513267252818, 55.9089535352645)",3,11877
Ferniehill Surgery,6920,"c(-3.13248632877234, 55.9073537927233)",2,6920
Leith Surgery,10361,"c(-3.1695792231479, 55.9703352141861)",2,10361
Niddrie Medical Practice,4233,"c(-3.13439283535405, 55.9326512696756)",1,4233
Craigmillar Medical Group,11110,"c(-3.13439283535405, 55.9326512696756)",3,11110
Ladywell Medical Centre (West),10868,"c(-3.28876482235538, 55.9402905056918)",2,10868
The Long House Surgery,8051,"c(-3.20006522475418, 55.9762698363635)",2,8051
Whinpark Medical Practice,10968,"c(-3.26977029123114, 55.9279333564698)",3,10968
Brunton Place Surgery,9487,"c(-3.17325786009941, 55.9579258405961)",2,9487
Dr Steve Allan & Partners,10409,"c(-3.19992637561844, 55.9728203642203)",2,10409
Inchpark Surgery,5825,"c(-3.15821030977704, 55.9212593930268)",2,5825
West End Medical Practice,11256,"c(-3.21459488997036, 55.9494554378814)",3,11256
Bruntsfield Medical Practice,12150,"c(-3.20566423763604, 55.935739766544)",3,12150
Ladywell Medical Centre (East),10907,"c(-3.28671663197526, 55.940815167031)",3,10907
Liberton Medical Group,7929,"c(-3.16164647391992, 55.9093288339574)",2,7929
Mackenzie Medical Centre,8407,"c(-3.1824585826329, 55.9454993988999)",2,8407
Dr Thyne & Partners,9350,"c(-3.20619791419363, 55.9570327073135)",2,9350
Grange Medical Group,7827,"c(-3.19192551210924, 55.9351545236667)",2,7827
Milton Surgery,7572,"c(-3.1151005386554, 55.9403940098537)",2,7572
Meadows Medical Practice,5465,"c(-3.19945762258962, 55.9426481143965)",2,5465
Dalkeith Road Medical Practice,3885,"c(-3.16636508068646, 55.934868953546)",1,3885
Annandale Medical Practice,7840,"c(-3.18246305894274, 55.9608842933858)",2,7840
Murrayfield Medical Practice,7354,"c(-3.24458059283993, 55.943584525845)",2,7354
Gracemount Medical Practice,8654,"c(-3.15538897718673, 55.9038879212311)",2,8654
The Hopetoun Practice,7442,"c(-3.18246305894274, 55.9608842933858)",2,7442
Blackhall Medical Centre,6667,"c(-3.25508672993301, 55.9599594189087)",2,6667
Restalrig Park Medical Centre,6146,"c(-3.15527696866232, 55.9646738136906)",2,6146
Crewe Medical Centre,10011,"c(-3.23662326393674, 55.975279458386)",2,10011
The Southern Medical Group,7810,"c(-3.15035795084107, 55.9165880839659)",2,7810
University Health Service,24465,"c(-3.18670295137316, 55.9460427205804)",3,16329.375
Durham Road Medical Group,6125,"c(-3.11862313121129, 55.9476141579679)",2,6125
Craiglockhart Medical Group,9201,"c(-3.23558736823743, 55.9110895158559)",2,9201
Dr A Comiskey and Partners,11209,"c(-3.16484099528272, 55.9251599362852)",3,11209
Baronscourt Surgery,7308,"c(-3.13937587728924, 55.9546132029256)",2,7308
Muirhouse Medical Group,18316,"c(-3.25279054535977, 55.9702095320411)",3,16329.375
Davidson's Mains Medical Centre,5786,"c(-3.27190368456062, 55.9637321388351)",2,5786
Summerside Medical Practice,6356,"c(-3.1860189360951, 55.9750038830729)",2,6356
Marchmont Medical Practice,1840,"c(-3.19460001050946, 55.9393433192191)",1,1840
St Triduana's Medical Practice,11513,"c(-3.13160974503083, 55.9563472556531)",3,11513
Morningside Medical Practice,8913,"c(-3.2101981144486, 55.9301865337466)",2,8913
St Leonard's Medical Centre,8050,"c(-3.18001382142989, 55.9446241817629)",2,8050
Braefoot Medical Practice,5233,"c(-3.16484099528272, 55.9251599362852)",1,5233
Sighthill Red Medical Practice,3825,"c(-3.28460728057052, 55.9235288194632)",1,3825
Sighthill Green Medical Practice,10149,"c(-3.28460728057052, 55.9235288194632)",2,10149
Riccarton General Practice,9351,"c(-3.3192765529516, 55.9094396018691)",2,9351
The Pentlands Medical Practice,14039,"c(-3.31346695139014, 55.8956620810709)",3,14039
Edinburgh Access Practice,754,"c(-3.1828712198374, 55.9490541072986)",1,754
Wester Hailes Medical Practice,7441,"c(-3.28093825065923, 55.9122527712598)",2,7441
The Victoria Practice,5493,"c(-3.17343463912906, 55.9717094511969)",2,5493
Slateford Medical Practice,10672,"c(-3.23742820544443, 55.934220616736)",2,10672
Polwarth Medical Practice,5400,"c(-3.20497790599604, 55.9440590629154)",1,5400
Murrayfield Medical Centre,7641,"c(-3.25487629299915, 55.9430577272189)",2,7641
Springwell Medical Group,10953,"c(-3.22520053072612, 55.938395785977)",3,10953
Firrhill Medical Centre,5532,"c(-3.23558736823743, 55.9110895158559)",2,5532
Leith Mount Surgery,11460,"c(-3.18154490809239, 55.9785965130455)",3,11460
Cramond Medical Practice,8629,"c(-3.29811911935635, 55.9772353465749)",2,8629
Challenging Behaviour General Practice,26,"c(-3.19298332108368, 55.9398802041996)",1,26
Gilmore Medical Practice,8024,"c(-3.20497790599604, 55.9440590629154)",2,8024
The Group Practice - Eyre,10141,"c(-3.19750038162984, 55.9617276215588)",2,10141
Mill Lane Surgery,5908,"c(-3.17546600566701, 55.9747544905779)",2,5908
Boroughloch Medical Practice,8658,"c(-3.19298332108368, 55.9398802041996)",2,8658
Links Medical Centre,6587,"c(-3.16281583871921, 55.9692309601977)",2,6587
Parkgrove Medical Practice,3583,"c(-3.28660873624975, 55.9592928758182)",1,3583
Ratho Medical Practice,3025,"c(-3.38594450288137, 55.9205700016868)",1,3025
Barclay Medical Practice East Craigs,9047,"c(-3.30239672718693, 55.9514254565465)",2,9047
Hermitage Medical Practice,7358,"c(-3.20707175260318, 55.9259126279492)",2,7358
Tyne Medical Practice,6663,"c(-2.7753281270796, 55.9569648580159)",2,6663
Gullane Medical Practice,5824,"c(-2.8253196109069, 56.0351518076784)",2,5824
Riverside Medical Practice LLP,19695,"c(-3.05156763262274, 55.9387060120277)",3,16329.375
The Harbours Medical Practice,9786,"c(-2.95899181632007, 55.9691609933863)",2,9786
Lammermuir Medical Practice,5304,"c(-2.7753281270796, 55.9569648580159)",1,5304
Whitesands Medical Practice,4982,"c(-2.51136831228997, 55.9996059709597)",1,4982
The Orchard Medical Practice,5426,"c(-2.7753281270796, 55.9569648580159)",1,5426
Prestonpans Group Practice,9368,"c(-2.9742313431764, 55.9564517031684)",2,9368
North Berwick Group Practice,9610,"c(-2.71526816149189, 56.0555090804256)",2,9610
Inveresk Medical Practice,9497,"c(-3.05156763262274, 55.9387060120277)",2,9497
Lauderdale Medical Practice,4237,"c(-2.51136831228997, 55.9996059709597)",1,4237
Cromwell Harbour Medical Practice,4905,"c(-2.51136831228997, 55.9996059709597)",1,4905
East Linton Surgery,2898,"c(-2.65516060654142, 55.984494431696)",1,2898
Ormiston Medical Practice,4108,"c(-2.94925916424933, 55.9106367029027)",1,4108
Tranent Medical Practice,14058,"c(-2.95010322425968, 55.9425316094183)",3,14058
Eastfield Medical Practice,6048,"c(-3.21599334326806, 55.8366142048178)",2,6048
Dalhousie Medical Practice,8914,"c(-3.10633964321438, 55.8785020715274)",2,8914
Quarryfoot Practice,4710,"c(-3.10633964321438, 55.8785020715274)",1,4710
Roslin Medical Practice,7223,"c(-3.17428356450706, 55.8568259961422)",2,7223
Newbattle Medical Practice,18706,"c(-3.04790371562506, 55.8676095033912)",3,16329.375
Penicuik Medical Practice,11524,"c(-3.21985089767456, 55.8282273325279)",3,11524
Pathhead Medical Practice,6289,"c(-2.96048620037935, 55.862544414119)",2,6289
Newbyres Medical Group,8274,"c(-3.04761322904336, 55.8431596718081)",2,8274
Dalkeith Medical Practice,10111,"c(-3.06611882619611, 55.8942867635353)",2,10111
Danderhall Medical Practice,4387,"c(-3.10534842761325, 55.9128125222059)",1,4387
Strathesk Medical Group,8702,"c(-3.10633964321438, 55.8785020715274)",2,8702
Loanhead Medical Practice,6077,"c(-3.15300086780342, 55.8789276097638)",2,6077
Carmondean Medical Group,9629,"c(-3.54628590591496, 55.902259901229)",2,9629
East Calder Medical Practice,13189,"c(-3.4611098864706, 55.8956880887163)",3,13189
Ferguson Medical Practice,6698,"c(-3.48257138123419, 55.9329252559508)",2,6698
Newland Medical Practice,9221,"c(-3.64568019992153, 55.8977810793063)",2,9221
Lanrigg Medical Practice,2975,"c(-3.70283797506962, 55.8295892014398)",1,2975
Linden Medical Practice,6675,"c(-3.48257138123419, 55.9329252559508)",2,6675
Kingsgate Medical Practice,8328,"c(-3.64568019992153, 55.8977810793063)",2,8328
Simpson Medical Group,8742,"c(-3.64568019992153, 55.8977810793063)",2,8742
West Calder Medical Practice,9649,"c(-3.57695190712206, 55.8497902162715)",2,9649
Linlithgow Group Medical Practice,15521,"c(-3.60624767738639, 55.9762384272743)",3,15521
South Queensferry Medical Practice,12578,"c(-3.39765969380627, 55.9899146442983)",3,12578
Whitburn Group Medical Practice,12638,"c(-3.68766422920672, 55.8670870926917)",3,12638
Barbauchlaw Medical Practice,13087,"c(-3.69777993060066, 55.8996440409846)",3,13087
Howden Health Centre,12264,"c(-3.5214582456154, 55.8928631439457)",3,12264
Dedridge Medical Group,9977,"c(-3.50702320054668, 55.8798386850278)",2,9977
The Wood Medical Practice,7707,"c(-3.48257138123419, 55.9329252559508)",2,7707
The Craigshill Partnership,8688,"c(-3.49308220098786, 55.8977579775247)",2,8688
Ashgrove Group Practice,7266,"c(-3.62148, 55.87475)",2,7266
Murieston Medical Practice,6291,"c(-3.50572843773318, 55.8703462005431)",2,6291
Almond Group Practice,10068,"c(-3.40393951841833, 55.9552621086166)",2,10068
Barclay Medical Practice,12523,"c(-3.54628590591496, 55.902259901229)",3,12523
Barclay Medical Practice-Fauldhouse,5279,"c(-3.70283797506962, 55.8295892014398)",1,5279
South Beach Medical Centre,8537,"c(-4.81376653501001, 55.639837434962)",2,8537
Central Avenue Surgery,4149,"c(-4.80499056070237, 55.6507008626145)",1,4149
Tam's Brig Surgery,7947,"c(-4.62538417755744, 55.4717529556113)",2,7947
The Surgery,5212,"c(-4.63424259709537, 55.4593542295558)",1,5212
Dalblair Medical Practice,2252,"c(-4.62899342678817, 55.4586940218305)",1,2252
Barns Medical Practice,9338,"c(-4.63088748331683, 55.4602894665947)",2,9338
Racecourse Road Medical Group,8375,"c(-4.63354360866576, 55.4583624077086)",2,8375
The Cathcart Street Medical Practice,7690,"c(-4.63259855268108, 55.4638845844359)",2,7690
The Fullarton Medical Practice,8161,"c(-4.63088748331683, 55.4602894665947)",2,8161
Ballantrae Medical Practice,1562,"c(-5.0037377451587, 55.1011901375093)",1,1562
Beith Health Centre GP Practice,5929,"c(-4.63280945482346, 55.7518129203283)",2,5929
Crosshouse Medical Practice,3833,"c(-4.54682182355673, 55.6119344208016)",1,3833
Tanyard Medical Practice,13690,"c(-4.26548379021912, 55.4530570620098)",3,13690
Dailly Medical Practice,1352,"c(-4.72520281543277, 55.2762074949522)",1,1352
Dalmellington Medical Practice,3517,"c(-4.39745533542239, 55.3229728004372)",1,3517
Dalry Medical Practice,6128,"c(-4.72198332996584, 55.7068254312316)",2,6128
Dundonald Medical Practice,5440,"c(-4.5924704404139, 55.5768347600194)",1,5440
Galston Medical Practice,6096,"c(-4.37779837976382, 55.6002814861563)",2,6096
Girvan Riverside Medical Practice,4278,"c(-4.84581213109234, 55.2482980696763)",1,4278
Dr McCulloch & Partners,3725,"c(-4.84581213109234, 55.2482980696763)",1,3725
Bourtreehill Medical Practice,9112,"c(-4.63343017345081, 55.6192829337794)",2,9112
Eglinton Family Practice,6108,"c(-4.67379783473765, 55.6312016756595)",2,6108
Townhead Surgery,12184,"c(-4.66288461868733, 55.6141607490533)",3,12184
Kilbirnie Medical Practice,7601,"c(-4.68460420557266, 55.7472665655992)",2,7601
Marnock Medical Group,17358,"c(-4.4888804718643, 55.6093848959615)",3,16329.375
Holmhead Medical Practice,10941,"c(-4.50327183109047, 55.6084356297344)",3,10941
The Wards Medical Centre,11857,"c(-4.500293130331, 55.6057995961976)",3,11857
The Surgery,8727,"c(-4.50269816155958, 55.608654100079)",2,8727
Carrick Medical Practice,3482,"c(-4.68033684663405, 55.3547059053432)",1,3482
Maybole Medical Practice,4038,"c(-4.68033684663405, 55.3547059053432)",1,4038
Valley Medical Practice,3811,"c(-4.17859354665781, 55.3935286363838)",1,3811
Riverside Medical Practice,4087,"c(-4.49964964657867, 55.3607481935828)",1,4087
Station Road Medical Practice,10373,"c(-4.61165776487298, 55.5013356344387)",2,10373
Kirkhall Surgery,6904,"c(-4.60769932261694, 55.5023100251513)",2,6904
Saltcoats Group Practice,10448,"c(-4.78278414222875, 55.6348627371458)",2,10448
Dr Rai's Practice,4098,"c(-4.88411203779131, 55.8679316420869)",1,4098
Stewarton Medical Practice,10750,"c(-4.51184980950387, 55.6812001714194)",2,10750
Templehill Surgery,10873,"c(-4.6658576002922, 55.5442178293223)",2,10873
Portland Surgery Troon,7302,"c(-4.66408548185931, 55.5449755853483)",2,7302
Cumbrae Medical Practice,1191,"c(-4.9256050649223, 55.7537632580241)",1,1191
Frew Terrace Surgery,11431,"c(-4.66290733938058, 55.6266740847853)",3,11431
Stevenston Group Practice,4606,"c(-4.75539486308466, 55.6406595795152)",1,4606
Taiglum Medical Practice,8917,"c(-4.45995686436933, 55.434171591741)",2,8917
Ballochmyle Medical Group,8755,"c(-4.33007727284393, 55.5028483866302)",2,8755
Kilwinning Medical Practice,12262,"c(-4.69933484512583, 55.6529190685792)",3,12262
Oxenward Surgery,4399,"c(-4.70054404702756, 55.6538543662089)",1,4399
Auchinleck Surgery,2903,"c(-4.29330976166212, 55.4705527783162)",1,2903
Loudoun Medical Practice,7300,"c(-4.28914253907197, 55.6100951397208)",2,7300
Bankfield Medical Practice,6336,"c(-4.60593102473845, 55.4431765374789)",2,6336
Largs Medical Group,13356,"c(-4.86526401699582, 55.7980602556902)",3,13356
Challenging Behaviour Service,36,"c(-4.59188326172909, 55.4341885372965)",1,36
Portland Medical Practice,10491,"c(-4.50264953872104, 55.6078909917977)",2,10491
Arran Medical Group,5048,"c(-5.13306420918975, 55.5259249889934)",1,5048
Ayrshire Medical Group,12453,"c(-4.75539486308466, 55.6406595795152)",3,12453
Dr Lorna M Macgregor & Partner,811,"c(-5.40447866595302, 56.5550727497924)",1,811
"Drs Lazarus, Norrie, Villalba Munoz, Anderson, McGovern, Toledo Ravelo, Cook, Terry & Bartos",6090,"c(-5.60442204772815, 55.4221297203818)",2,6090
Dr Malcolm R Elder,577,"c(-5.49315975957634, 55.5864160385191)",1,577
Dr C O'Neill,174,"c(-6.52654078203683, 56.6235714273126)",1,174
Scalasaig Medical Practice,140,"c(-6.18859186026669, 56.0710545602709)",1,140
Taynuilt Medical Practice,5210,"c(-5.38679367567217, 56.4544597424226)",1,5210
"Drs Hall, Brennan & McLaughlin",4222,"c(-4.92682119308307, 55.952060309886)",1,4222
Church Street Surgery,4086,"c(-4.92528972381337, 55.9504514957802)",1,4086
Cowal Medical Practice,2885,"c(-4.92682119308307, 55.952060309886)",1,2885
Easdale Medical Practice,1048,"c(-5.59327765869996, 56.3034801325346)",1,1048
The Furnace/Inveraray Surgery,1184,"c(-5.18273245658515, 56.1550280894648)",1,1184
Bowmore Medical Practice,1247,"c(-6.2782151701729, 55.7558596382143)",1,1247
Port Ellen Surgery,1309,"c(-6.18715215949025, 55.6304901239692)",1,1309
The Rhinns Medical Centre,770,"c(-6.37811826491401, 55.7431771476661)",1,770
Jura Medical Practice,265,"c(-5.94618374980362, 55.8492269341992)",1,265
Lochgilphead Medical Centre,6672,"c(-5.42183315212365, 56.0404540638853)",2,6672
Dr P M R Von Kaehne,520,"c(-4.89939252055094, 56.170977185462)",1,520
Mull & Iona Medical Group,3486,"c(-6.07431633801546, 56.6201212730841)",1,3486
Lorn Medical Centre,11182,"c(-5.46788661645329, 56.4094276704061)",3,11182
The Bute Practice,6324,"c(-5.05459346950283, 55.8307658474343)",2,6324
Dr Robert S B Coull,961,"c(-5.08093572714628, 56.1750962779628)",1,961
Dr Tittmar and Partner,1537,"c(-4.95076659467143, 56.0003328101056)",1,1537
Tarbert Medical Practice,1759,"c(-5.41684046850142, 55.8636342274678)",1,1759
Dr A MacGregor & Dr N Hallum,1131,"c(-5.2402908532485, 55.9001256200195)",1,1131
Tiree Medical Practice,756,"c(-6.84288421173513, 56.494938061468)",1,756
Kintyre Medical Group,1168,"c(-5.68316536944127, 55.6009481834157)",1,1168
Dr David F Troup & Partner,1114,"c(-4.74690992010463, 56.1942744682264)",1,1114
Alcluith Practice,2548,"c(-4.57270722343301, 55.9462670033774)",1,2548
The Riverbank Practice,5584,"c(-4.57270722343301, 55.9462670033774)",2,5584
Levenside Medical Practice,8343,"c(-4.57270722343301, 55.9462670033774)",2,8343
Dr K N Lynn & Dr J M Mcdevitt,3461,"c(-4.57270722343301, 55.9462670033774)",1,3461
Dr Stephen H Dunn & Partners,4403,"c(-4.57270722343301, 55.9462670033774)",1,4403
Garelochhead Medical Centre,1868,"c(-4.83278024350723, 56.0839469372927)",1,1868
Millig Practice,9422,"c(-4.72893839289799, 56.0044018467358)",2,9422
Dr McLachlan & Partners,9034,"c(-4.72893839289799, 56.0044018467358)",2,9034
Kilcreggan Medical Practice,2444,"c(-4.81900624088044, 55.984952268153)",1,2444
The Lennox Practice,4810,"c(-4.59057886980047, 55.9931666923037)",1,4810
Loch Lomond Surgery,7783,"c(-4.57781601015116, 55.9872048304151)",2,7783
Inchcruin Practice,3621,"c(-4.58341733831283, 55.9935237796482)",1,3621
Oak View Medical Practice,9308,"c(-4.58341733831283, 55.9935237796482)",2,9308
Gourock Medical Practice,8120,"c(-4.8152050381922, 55.9613419600183)",2,8120
Ardgowan Medical Practice,9285,"c(-4.76670911606748, 55.9490012340143)",2,9285
Mount Pleasant Practice,6098,"c(-4.76807871832893, 55.9464173710329)",2,6098
"Drs Simpson, Luty & Ormond",2896,"c(-4.62454636266885, 55.8929988323431)",1,2896
The New Surgery,3546,"c(-4.62670373880388, 55.8934382300117)",1,3546
"Dr Hogan, Allen & Quinn",2884,"c(-4.75929217429679, 55.9440614883675)",1,2884
The Health Centre,3904,"c(-4.68471948227474, 55.9345179364078)",1,3904
Drs Macdonald & Mitchell,3842,"c(-4.68471948227474, 55.9345179364078)",1,3842
Newark Medical Practice,3961,"c(-4.68471948227474, 55.9345179364078)",1,3961
Port Glasgow Medical Centre,5099,"c(-4.66251662880236, 55.9246262104401)",1,5099
The Roxburgh Practice,5463,"c(-4.76807871832893, 55.9464173710329)",2,5463
Lochview Medical Practice,10198,"c(-4.75929217429679, 55.9440614883675)",2,10198
Cochrane Medical Practice,14584,"c(-4.75929217429679, 55.9440614883675)",3,14584
Gleniffer Medical Group,8988,"c(-4.38824490099588, 55.8019451097266)",2,8988
Neilston Medical Practice,4101,"c(-4.42325696011811, 55.7839290358573)",1,4101
The Oaks Medical Practice,3988,"c(-4.38824490099588, 55.8019451097266)",1,3988
Bishopton Medical Practice,10311,"c(-4.49993315932848, 55.9045194411469)",2,10311
Strathgryffe Medical Practice,10503,"c(-4.53919887534967, 55.8714265160663)",2,10503
Levern Medical Group,8319,"c(-4.38824490099588, 55.8019451097266)",2,8319
"Drs Macpherson, Hanley,Tobin & Al-Ani",8889,"c(-4.44240997732064, 55.8997236180813)",2,8889
Bridgewater Medical Centre,2029,"c(-4.44723259982564, 55.9051650082362)",1,2029
Ludovic Medical Practice,7656,"c(-4.51268511035234, 55.8342164156374)",2,7656
Quarryside Medical Practice,4405,"c(-4.51375885796209, 55.8335292702789)",1,4405
Ravenswood Surgery,6581,"c(-4.51639607415735, 55.8365226640873)",2,6581
"Drs Howie, Smith & Dobbs",5456,"c(-4.51336323774192, 55.8375465317303)",1,5456
Dr Cassidy & Partners,4050,"c(-4.51375885796209, 55.8335292702789)",1,4050
Dr Richmond & Partners,5667,"c(-4.4880198491432, 55.848165657346)",2,5667
Mistylaw Medical Practice,4684,"c(-4.62949152685579, 55.7941528893884)",1,4684
The Charleston Surgery,7108,"c(-4.42220899520218, 55.8379555020736)",2,7108
Anchor Mill Medical Practice,8893,"c(-4.42061062890121, 55.8415376064711)",2,8893
Tannahill Surgery,3288,"c(-4.45221632425645, 55.8492442780943)",1,3288
King Street Surgery,9576,"c(-4.43832379509047, 55.8445405813048)",2,9576
The Consulting Rooms,7330,"c(-4.42261407260552, 55.8375340310886)",2,7330
Glenburn Medical Practice,3347,"c(-4.43018493816577, 55.8234427474347)",1,3347
The Kelburn Practice,4345,"c(-4.41888125731171, 55.8486728894808)",1,4345
The Greenlaw Practice,7549,"c(-4.41888125731171, 55.8486728894808)",2,7549
The Mirin Practice,9109,"c(-4.41376456869639, 55.8473261939807)",2,9109
The Love Street Medical Centre,5639,"c(-4.42481695634056, 55.850335822847)",2,5639
The Barony Practice,6162,"c(-4.41888125731171, 55.8486728894808)",2,6162
Abbey Medical Centre,11096,"c(-4.41683493441203, 55.8406770142152)",3,11096
Braehead Medical Practice,7736,"c(-4.38262058847214, 55.8814617495955)",2,7736
Clydeview Medical Practice,9545,"c(-4.38262058847214, 55.8814617495955)",2,9545
Kingsinch Medical Practice,6803,"c(-4.38262058847214, 55.8814617495955)",2,6803
Westfield Medical Practice,4860,"c(-4.51375885796209, 55.8335292702789)",1,4860
Bargarran Medical Practice,4156,"c(-4.46395392719877, 55.9084360043601)",1,4156
The Group Practice,8068,"c(-6.37221696468913, 58.2126999255405)",2,8068
North Harris Medical Practice,1271,"c(-6.81318395281853, 57.9024319919837)",1,1271
South Harris Medical Practice,565,"c(-7.01494653634093, 57.7679870826691)",1,565
North Uist Medical Practice,1403,"c(-7.16195314134447, 57.6053069795291)",1,1403
Benbecula Medical Practice,2322,"c(-7.35753121827863, 57.4431063627406)",1,2322
South Uist Medical Practice,1011,"c(-7.37127384107731, 57.1653619796069)",1,1011
Barra Medical Practice,1279,"c(-7.48684262072486, 56.9558688992839)",1,1279
Broadbay Medical Practice,5877,"c(-6.38507250038082, 58.2091553090671)",2,5877
Langabhat Medical Practice,5263,"c(-6.50155761130778, 58.1521860302437)",1,5263
